clli,address,tier,county,state,lat,lng,status,acres_gis,sqft_gis,m2_gis,acres_stated,parcel_id,owner,parcel_address,source,notes
WNDRGAXA,74 Woodlawn Avenue,Interesting,Barrow,GA,33.99464785000001,-83.72118785,UNRESOLVED,,,,,,,,https://qpublic.schneidercorp.com/  (search county + address),no public parcel service found (zoning layer only)
SUVLGAXA,66 West Washington Street,Top Site,Chattooga,GA,34.48152029,-85.34870994,ok,0.5211,22698,2108.7,0.51985359902,S27-009,,COX STREET,https://services9.arcgis.com/eXIsbyIncFwEzqul/arcgis/rest/services/parcels_zoning/FeatureServer/2,
CNTNGAXA,190 South Church Street,Top Site,Cherokee,GA,34.23610952999998,-84.49065499,ok,0.1743,7593,705.4,1,14-0166-0003,CSL GEORGIA SYSTEM LLC,190 S Church St,https://services6.arcgis.com/dpaY3zboICQILFY5/arcgis/rest/services/Property_Value_TY2024/FeatureServer/0,
CLVLGAXA,390 Jefferson Street,Interesting,Habersham,GA,34.61483837000001,-83.52435581,ok,0.4634,20186,1875.4,0.46,098,,,https://arcgis5.roktech.net/arcgis/rest/services/habersham/habersham_rokmaps/MapServer/8,
CRNLGA01,2000 Communications Boulevard,Top Site,Habersham,GA,34.49720847,-83.54997767,ok,26.4027,1150101,106848.0,25.27,016,,,https://arcgis5.roktech.net/arcgis/rest/services/habersham/habersham_rokmaps/MapServer/8,Mireye/Regrid reported 26.35 ac. 
CRNLGAXA,350 North Main Street,Top Site,Habersham,GA,34.51451621,-83.52818002999999,ok,1.1876,51730,4805.9,1.18,120,,,https://arcgis5.roktech.net/arcgis/rest/services/habersham/habersham_rokmaps/MapServer/8,
CMRCGAXA,45 Georgia Avenue,Interesting,Jackson,GA,34.20397641999998,-83.45947122,ok,0.3236,14096,1309.6,0.32276466,C14    049,,10802 EXECUTIVE CENTER DR,https://services8.arcgis.com/bcbi4lYRFOsss0F5/ArcGIS/rest/services/jackson_baselayers/FeatureServer/9,
DHLNGAXA,200 Boyd Circle,Top Site,Lumpkin,GA,34.53542378,-83.98251372,ok,1.4647,63803,5927.5,1.46092,D10    049,24650,P O BOX 400,https://services6.arcgis.com/BAJNi3EgCdtQ1BCG/arcgis/rest/services/Lumpkin_2025Parcels/FeatureServer/0,
CHWOGAXA,220 North 2nd Avenue,Top Site,Murray,GA,34.76833751000002,-84.76820927,UNRESOLVED,,,,,,,,https://qpublic.schneidercorp.com/  (search county + address),qPublic (Schneider) - blocks automated access
JSPRGAXA,69 Stegall Drive,Interesting,Pickens,GA,34.46817879,-84.43144500999999,UNRESOLVED,,,,,,,,https://qpublic.schneidercorp.com/  (search county + address),qPublic (Schneider) - blocks automated access
HWSSGAXA,228 North Main Street,Interesting,Towns,GA,34.95173821,-83.75830574,UNRESOLVED,,,,,,,,https://qpublic.schneidercorp.com/  (search county + address),qPublic (Schneider) - blocks automated access
BLVIGABW,40 River Road Connector,Top Site,Union,GA,34.86402509999999,-83.98480885,ok,4.2884,186803,17354.5,,071A   050,,,https://services.arcgis.com/ISpzx3B5ZsVA6e1Z/ArcGIS/rest/services/Union_Parcels/FeatureServer/0,
LFYTGAXA,105 Cherokee Street,Top Site,Walker,GA,34.70665254999999,-85.28274049000001,UNRESOLVED,,,,,,,,https://qpublic.schneidercorp.com/  (search county + address),qPublic (Schneider) - blocks automated access
MONRGAXA,129 East Highland Avenue,Interesting,Walton,GA,33.79645657999999,-83.71253894,UNRESOLVED,,,,,,,,https://qpublic.schneidercorp.com/  (search county + address),qPublic (Schneider) - blocks automated access
MONRGAXB,3375 GA-11,Top Site,Walton,GA,33.89043801999999,-83.71992317,UNRESOLVED,,,,,,,,https://qpublic.schneidercorp.com/  (search county + address),qPublic (Schneider) - blocks automated access
CLEVGAXA,158 West Kytle Street,Top Site,White,GA,34.59702661999999,-83.76612716,UNRESOLVED,,,,,,,,https://qpublic.schneidercorp.com/  (search county + address),qPublic (Schneider) - blocks automated access
DLTNGAXD,350 Cross Plains Blvd,Top Site,Whitfield,GA,34.67505472,-84.96638784,ok,2.388,104022,9663.9,,,,CROSSPLAINS,https://gis.whitfieldcountyga.com/server/rest/services/Parcels_and_Development/MapServer/4,
ASLDKYXA,619 15th Street,Interesting,Boyd,KY,38.47579999999999,-82.64385000000001,UNRESOLVED,,,,,,,,county PVA site / https://qpublic.schneidercorp.com/,KY PVA - no public service (state server hosts Webster Co only)
MEDSKYXA,9216 Highway 60,Top Site,Boyd,KY,38.40964997000001,-82.71303235,UNRESOLVED,,,,,,,,county PVA site / https://qpublic.schneidercorp.com/,KY PVA - no public service (state server hosts Webster Co only)
GNUPKYXA,304 Laurel St.,Interesting,Greenup,KY,38.57342447000001,-82.83962673,UNRESOLVED,,,,,,,,county PVA site / https://qpublic.schneidercorp.com/,KY PVA - no public service (state server hosts Webster Co only)
ABRDNCXA,211 North Poplar Street,Top Site,Moore,NC,35.13471956000002,-79.42678255,UNRESOLVED,,,,,,,,https://www.moorecountync.gov/gis  (county GIS portal),no public parcel service found (NC OneMap requires token)
CHGVNCXA,1525 South Main Street,Top Site,Rowan,NC,35.55692202999999,-80.59588228999999,ok,0.4238,18459,1714.9,0.42,163 012,KINETIC ABS NC LLC,1525,https://gis.rowancountync.gov/arcgis/rest/services/Public/RowanTaxParcels/MapServer/0,
GRQYNCXA,8145 Highway 52,Interesting,Rowan,NC,35.57201075,-80.4178416,ok,1.2988,56574,5255.9,1.3,357 085,KINETIC ABS NC LLC,8145,https://gis.rowancountync.gov/arcgis/rest/services/Public/RowanTaxParcels/MapServer/0,
ALBMNCXA,250 North 1st Street,Top Site,Stanly,NC,35.35404215000001,-80.19909173000002,ok,0.8423,36691,3408.7,0.8399,654801255808,1923,250 N FIRST ST,https://services6.arcgis.com/w1igg0Q14weqYXUh/arcgis/rest/services/parcel_records_base_2/FeatureServer/3,
NRWDNCXA,238 North Main Street,Interesting,Stanly,NC,35.22668599,-80.12266339000001,ok,0.2279,9927,922.3,0.62,656301497322,1923,238 N MAIN ST,https://services6.arcgis.com/w1igg0Q14weqYXUh/arcgis/rest/services/parcel_records_base_2/FeatureServer/3,
ASHTOHXA,4616 Park Avenue,Top Site,Ashtabula,OH,41.86554916,-80.78344219,ok,0.3376,14704,1366.0,,05-000-00-403-00,,4616  PARK AVE,https://services2.arcgis.com/MlJ0G8iWUyC7jAmu/arcgis/rest/services/OhioStatewidePacels_full_view/FeatureServer/0,
GENVOHXA,37 South Forest Street,Top Site,Ashtabula,OH,41.80531692000002,-80.94567163,ok,0.8339,36326,3374.8,,20-000-00-150-00,,37  FOREST ST,https://services2.arcgis.com/MlJ0G8iWUyC7jAmu/arcgis/rest/services/OhioStatewidePacels_full_view/FeatureServer/0,
FRVWOHXA,32699 Old National Road,Top Site,Belmont,OH,40.05949739999999,-81.22041851000002,ok,0.9684,42183,3918.9,,12-90007.000,,32699 OLD NATIONAL RD,https://services2.arcgis.com/MlJ0G8iWUyC7jAmu/arcgis/rest/services/OhioStatewidePacels_full_view/FeatureServer/0,
PWPNOHXA,101 Ben Avenue,Interesting,Belmont,OH,39.86595076000002,-80.79901046,ok,0.0747,3254,302.3,,53-90011.000,,BEN AVE,https://services2.arcgis.com/MlJ0G8iWUyC7jAmu/arcgis/rest/services/OhioStatewidePacels_full_view/FeatureServer/0,
BNBGOHXA,8425 Baindridge Road,Top Site,Geauga,OH,41.38569895000002,-81.34062923,ok,0.3535,15397,1430.4,,02-601000,,8425  BAINBRIDGE RD,https://services2.arcgis.com/MlJ0G8iWUyC7jAmu/arcgis/rest/services/OhioStatewidePacels_full_view/FeatureServer/0,
CHRDOHXA,205 South Hambden Street,Top Site,Geauga,OH,41.58128454000003,-81.20213285,ok,0.1915,8343,775.1,,10-601300,,205 S HAMBDEN ST,https://services2.arcgis.com/MlJ0G8iWUyC7jAmu/arcgis/rest/services/OhioStatewidePacels_full_view/FeatureServer/0,
KNTNOHXA,225 West Columbus Street,Interesting,Hardin,OH,40.64789637000001,-83.61029866,ok,0.2028,8834,820.7,,360600010000,,,https://services2.arcgis.com/MlJ0G8iWUyC7jAmu/arcgis/rest/services/OhioStatewidePacels_full_view/FeatureServer/0,
MDSNOHXA,2740 Hubbard Road,Top Site,Lake,OH,41.80027422000001,-81.04898539,ok,0.6524,28419,2640.2,,01B8880006000,,2745  HUBBARD RD  MADISON 44057,https://services2.arcgis.com/MlJ0G8iWUyC7jAmu/arcgis/rest/services/OhioStatewidePacels_full_view/FeatureServer/0,
GRVIOHXA,131 East Broadway,Interesting,Licking,OH,40.06756012,-82.51897847,ok,0.1775,7731,718.2,,02005675401000,,"131 E BROADWAY GRANVILLE, OH 43023 GRANVILLE 43023",https://services2.arcgis.com/MlJ0G8iWUyC7jAmu/arcgis/rest/services/OhioStatewidePacels_full_view/FeatureServer/0,
HETHOHXA,1046 Harris Avenue,Interesting,Licking,OH,40.04131689,-82.44171796,ok,0.1458,6349,589.9,,05428208405000,,"HARRIS AVE NEWARK, OH 43055 NEWARK 43055",https://services2.arcgis.com/MlJ0G8iWUyC7jAmu/arcgis/rest/services/OhioStatewidePacels_full_view/FeatureServer/0,
NWRKOHXA,66 North 4th Street,Top Site,Licking,OH,40.05944852999998,-82.40487305,ok,0.2758,12014,1116.2,,05428208401000,,"66 N 4TH ST NEWARK, OH 43055 NEWARK 43055",https://services2.arcgis.com/MlJ0G8iWUyC7jAmu/arcgis/rest/services/OhioStatewidePacels_full_view/FeatureServer/0,Mireye/Regrid reported 0.28 ac. 
NWRKOHXB,320 Deo Drive,Interesting,Licking,OH,40.08689351000001,-82.42710725999999,ok,0.3724,16220,1506.9,,09629514601000,,,https://services2.arcgis.com/MlJ0G8iWUyC7jAmu/arcgis/rest/services/OhioStatewidePacels_full_view/FeatureServer/0,
NWRKOHXC,214 Neal Avenue,Interesting,Licking,OH,40.05750810000003,-82.42718794,ok,0.1312,5717,531.1,,05428208406000,,"685 W CHURCH ST NEWARK, OH 43055 NEWARK 43055",https://services2.arcgis.com/MlJ0G8iWUyC7jAmu/arcgis/rest/services/OhioStatewidePacels_full_view/FeatureServer/0,
NWRKOHXD,7322 Dorsey Mill Road Southeast,Top Site,Licking,OH,40.01356484999999,-82.40461772999998,ok,0.386,16815,1562.1,,04113653601000,,,https://services2.arcgis.com/MlJ0G8iWUyC7jAmu/arcgis/rest/services/OhioStatewidePacels_full_view/FeatureServer/0,
ELYROHXA,363 3rd Street,Top Site,Lorain,OH,41.36574092,-82.10999278,ok,0.5012,21831,2028.1,,0626055000001,,,https://services2.arcgis.com/MlJ0G8iWUyC7jAmu/arcgis/rest/services/OhioStatewidePacels_full_view/FeatureServer/0,
NRFDOHXA,54 Leonard Avenue,Interesting,Summit,OH,41.31474448,-81.53703932,ok,0.1685,7339,681.8,,4002461,,,https://services2.arcgis.com/MlJ0G8iWUyC7jAmu/arcgis/rest/services/OhioStatewidePacels_full_view/FeatureServer/0,Mireye/Regrid reported 0.11 ac. 
RCFDOHXA,4676 West Streetsboro Road,Top Site,Summit,OH,41.23925716999999,-81.6557576,ok,0.1615,7036,653.7,,5001510,,,https://services2.arcgis.com/MlJ0G8iWUyC7jAmu/arcgis/rest/services/OhioStatewidePacels_full_view/FeatureServer/0,
TWBGOHIR,2684 East Aurora Road,Top Site,Summit,OH,41.31124912,-81.44234445,ok,0.4985,21716,2017.5,,6406505,,,https://services2.arcgis.com/MlJ0G8iWUyC7jAmu/arcgis/rest/services/OhioStatewidePacels_full_view/FeatureServer/0,
TWBGOHXA,2684 Route 82,Top Site,Summit,OH,41.31113087000001,-81.44232342999999,ok,0.4985,21716,2017.5,,6406505,,,https://services2.arcgis.com/MlJ0G8iWUyC7jAmu/arcgis/rest/services/OhioStatewidePacels_full_view/FeatureServer/0,
PECSTXXB,924 West Daggett Street,Interesting,Reeves,TX,31.40444183,-103.5034902,UNRESOLVED,,,,,,,,Reeves County Appraisal District,TX appraisal district - no public parcel service found
