,CLLI,State,lat,lng,nearest_tx_line_m,nearest_tx_line_ft,line_name,line_from_sub,line_to_sub,line_id,line_type,owner,status,voltage_kv,volt_class,voltage_basis,attrs_inferred,nearest_100kv_plus_m,kv_100plus,line_name_100plus,line_id_100plus,owner_100plus,source
1,ABRDNCXA,NC,35.13471956,-79.42678255,1524.4,5001,TAP147638 - TAP147639,TAP147638,TAP147639,142698,OVERHEAD,PROGRESS ENERGY CAROLINAS INC,IN SERVICE,-999999,UNDER 100,class_band,Y,13296.6,230,TAP147619 - WEST END,124218,PROGRESS ENERGY CAROLINAS INC,https://services2.arcgis.com/FiaPA4ga0iQKduv3/arcgis/rest/services/US_Electric_Power_Transmission_Lines/FeatureServer/0
2,ADELGAXA,GA,31.13789183,-83.42244652,603.3,1979,,UNKNOWN111786,UNKNOWN111787,120960,OVERHEAD,GEORGIA POWER CO,IN SERVICE,-999999,NOT AVAILABLE,not_published,N,625.4,115,TAP142751,132212,GEORGIA POWER CO,https://services2.arcgis.com/FiaPA4ga0iQKduv3/arcgis/rest/services/US_Electric_Power_Transmission_Lines/FeatureServer/0
3,ANWOIAXO,IA,41.28914665,-91.55514468,1031,3382,TAP140530 - SUB T,TAP140530,SUB T,126581,AC; OVERHEAD,NOT AVAILABLE,IN SERVICE,345,345,numeric,N,1031,345,TAP140530 - SUB T,126581,NOT AVAILABLE,https://services2.arcgis.com/FiaPA4ga0iQKduv3/arcgis/rest/services/US_Electric_Power_Transmission_Lines/FeatureServer/0
4,ALCHFL01,FL,29.80235134,-82.49220798,2709.7,8890,TAP150494 - ALACHUA,TAP150494,ALACHUA,110523,AC; OVERHEAD,NOT AVAILABLE,IN SERVICE,69,UNDER 100,numeric,Y,4760,138,GE ALACHUA - TAP151115,100404,NOT AVAILABLE,https://services2.arcgis.com/FiaPA4ga0iQKduv3/arcgis/rest/services/US_Electric_Power_Transmission_Lines/FeatureServer/0
5,ALCHFLAJ,FL,29.78938708,-82.49589558,1260.6,4136,TAP143289 - ALACHUA,TAP143289,ALACHUA,129592,AC; OVERHEAD,NOT AVAILABLE,IN SERVICE,69,UNDER 100,numeric,Y,3971.7,138,GE ALACHUA - TAP151115,100404,NOT AVAILABLE,https://services2.arcgis.com/FiaPA4ga0iQKduv3/arcgis/rest/services/US_Electric_Power_Transmission_Lines/FeatureServer/0
6,ALCHFLXA,FL,29.7894,-82.4962,1260.6,4136,TAP143289 - ALACHUA,TAP143289,ALACHUA,129592,AC; OVERHEAD,NOT AVAILABLE,IN SERVICE,69,UNDER 100,numeric,Y,3983.9,138,GE ALACHUA - TAP151115,100404,NOT AVAILABLE,https://services2.arcgis.com/FiaPA4ga0iQKduv3/arcgis/rest/services/US_Electric_Power_Transmission_Lines/FeatureServer/0
7,ALBYKYXA,KY,36.69302208,-85.13449812,477.5,1567,,UNKNOWN124782,UNKNOWN124783,102992,AC; OVERHEAD,"EAST KENTUCKY POWER COOP, INC",IN SERVICE,69,UNDER 100,numeric,Y,6621.7,161,TAP155474,139950,"EAST KENTUCKY POWER COOP, INC",https://services2.arcgis.com/FiaPA4ga0iQKduv3/arcgis/rest/services/US_Electric_Power_Transmission_Lines/FeatureServer/0
8,ALBMNCXA,NC,35.35404215,-80.19909173,455,1493,TAP150528,UNKNOWN114426,TAP150528,112388,AC; OVERHEAD,NOT AVAILABLE,IN SERVICE,100,100-161,numeric,Y,455,100,TAP150528,112388,NOT AVAILABLE,https://services2.arcgis.com/FiaPA4ga0iQKduv3/arcgis/rest/services/US_Electric_Power_Transmission_Lines/FeatureServer/0
9,ALBIIAXO,IA,41.02595856,-92.80564617,4412.7,14477,LUCAS CO - OTTUMWA GENERATION STATION,LUCAS CO,OTTUMWA GENERATION STATION,106824,AC; OVERHEAD,MIDAMERICAN ENERGY CO,IN SERVICE,161,100-161,numeric,Y,4412.7,161,LUCAS CO - OTTUMWA GENERATION STATION,106824,MIDAMERICAN ENERGY CO,https://services2.arcgis.com/FiaPA4ga0iQKduv3/arcgis/rest/services/US_Electric_Power_Transmission_Lines/FeatureServer/0
10,ANDRTXXA,TX,32.31761412,-102.5477171,2515.9,8254,TAP301929,TAP301929,NOT AVAILABLE,308138,AC; OVERHEAD,ONCOR ELECTRIC DELIVERY CO.,IN SERVICE,138,100-161,numeric,N,2515.9,138,TAP301929,308138,ONCOR ELECTRIC DELIVERY CO.,https://services2.arcgis.com/FiaPA4ga0iQKduv3/arcgis/rest/services/US_Electric_Power_Transmission_Lines/FeatureServer/0
11,ASLDKYXA,KY,38.4758,-82.64385,693,2274,BELLEFONTE,UNKNOWN121253,BELLEFONTE,157481,AC; OVERHEAD,KENTUCKY POWER CO,IN SERVICE,69,UNDER 100,numeric,Y,2285.2,138,BELLEFONTE - NORTH PROCTORVILLE SUBSTATION,150356,NOT AVAILABLE,https://services2.arcgis.com/FiaPA4ga0iQKduv3/arcgis/rest/services/US_Electric_Power_Transmission_Lines/FeatureServer/0
12,MEDSKYXA,KY,38.40964997,-82.71303235,905.4,2970,BELLEFONTE - PRINCESS,BELLEFONTE,PRINCESS,105204,AC; OVERHEAD,KENTUCKY POWER CO,IN SERVICE,69,UNDER 100,numeric,Y,1930.5,765,BAKER - HANGING ROCK,109099,NOT AVAILABLE,https://services2.arcgis.com/FiaPA4ga0iQKduv3/arcgis/rest/services/US_Electric_Power_Transmission_Lines/FeatureServer/0
13,ADBNIAXO,IA,41.72127167,-94.92938333,1482.3,4863,,UNKNOWN131001,UNKNOWN168109,169313,AC; OVERHEAD,NOT AVAILABLE,IN SERVICE,69,UNDER 100,numeric,Y,14423.2,161,EXIRA,144694,NOT AVAILABLE,https://services2.arcgis.com/FiaPA4ga0iQKduv3/arcgis/rest/services/US_Electric_Power_Transmission_Lines/FeatureServer/0
14,AURROHXA,OH,41.31715803,-81.34659939,1093.5,3588,CASE - AURORA,CASE,AURORA,110477,OVERHEAD,NOT AVAILABLE,IN SERVICE,-999999,NOT AVAILABLE,not_published,N,3804.2,345,JUNIPER - HANNA,114362,"AMERICAN TRANSMISSION SYSTEMS, INC.",https://services2.arcgis.com/FiaPA4ga0iQKduv3/arcgis/rest/services/US_Electric_Power_Transmission_Lines/FeatureServer/0
15,BNBGOHXA,OH,41.38569895,-81.34062923,3863.8,12677,LEROY CENTER,UNKNOWN137113,LEROY CENTER,158468,AC; OVERHEAD,"AMERICAN TRANSMISSION SYSTEMS, INC.",IN SERVICE,345,345,numeric,N,3863.8,345,LEROY CENTER,158468,"AMERICAN TRANSMISSION SYSTEMS, INC.",https://services2.arcgis.com/FiaPA4ga0iQKduv3/arcgis/rest/services/US_Electric_Power_Transmission_Lines/FeatureServer/0
16,CRNLGA01,GA,34.49720847,-83.54997767,169,554,TAP153139,UNKNOWN110332,TAP153139,128010,AC; OVERHEAD,GEORGIA POWER CO,IN SERVICE,115,100-161,numeric,Y,169,115,TAP153139,128010,GEORGIA POWER CO,https://services2.arcgis.com/FiaPA4ga0iQKduv3/arcgis/rest/services/US_Electric_Power_Transmission_Lines/FeatureServer/0
17,BBVLKYXA,KY,36.86533403,-83.88827335,1120.3,3676,,UNKNOWN109489,UNKNOWN109491,141842,OVERHEAD,BARBOURVILLE UTILITY COMM,IN SERVICE,-999999,100-161,class_band,Y,2876.9,161,TAP155041,117373,NOT AVAILABLE,https://services2.arcgis.com/FiaPA4ga0iQKduv3/arcgis/rest/services/US_Electric_Power_Transmission_Lines/FeatureServer/0
18,FRVWOHXA,OH,40.0594974,-81.22041851,8973.4,29440,SPEIDEL - BARNESVILLE,SPEIDEL,BARNESVILLE,166848,AC; OVERHEAD,OHIO POWER CO,UNDER CONSTRUCTION,138,100-161,numeric,Y,8973.4,138,SPEIDEL - BARNESVILLE,166848,OHIO POWER CO,https://services2.arcgis.com/FiaPA4ga0iQKduv3/arcgis/rest/services/US_Electric_Power_Transmission_Lines/FeatureServer/0
19,BEREKYXA,KY,37.57334353,-84.28573908,517.7,1698,TAP155090,UNKNOWN129944,TAP155090,110267,AC; OVERHEAD,NOT AVAILABLE,IN SERVICE,69,UNDER 100,numeric,Y,4214.9,138,,139609,NOT AVAILABLE,https://services2.arcgis.com/FiaPA4ga0iQKduv3/arcgis/rest/services/US_Electric_Power_Transmission_Lines/FeatureServer/0
20,SHBGKYAB,KY,38.24260621,-83.87447858,8150.7,26741,,UNKNOWN109449,UNKNOWN121396,137336,AC; OVERHEAD,"EAST KENTUCKY POWER COOP, INC",IN SERVICE,345,345,numeric,Y,8150.7,345,,137336,"EAST KENTUCKY POWER COOP, INC",https://services2.arcgis.com/FiaPA4ga0iQKduv3/arcgis/rest/services/US_Electric_Power_Transmission_Lines/FeatureServer/0
21,BLVIGABW,GA,34.8640251,-83.98480885,1920.1,6300,YOUNGCANE - BLAIRSVILLE,YOUNGCANE,BLAIRSVILLE,140846,AC; OVERHEAD,TENNESSEE VALLEY AUTHORITY,IN SERVICE,161,100-161,numeric,N,1920.1,161,YOUNGCANE - BLAIRSVILLE,140846,TENNESSEE VALLEY AUTHORITY,https://services2.arcgis.com/FiaPA4ga0iQKduv3/arcgis/rest/services/US_Electric_Power_Transmission_Lines/FeatureServer/0
22,BLKLGAXA,GA,31.38254,-84.957519,3512.7,11525,,UNKNOWN111113,UNKNOWN111114,135585,AC; OVERHEAD,GEORGIA POWER CO,IN SERVICE,115,100-161,numeric,Y,3512.7,115,,135585,GEORGIA POWER CO,https://services2.arcgis.com/FiaPA4ga0iQKduv3/arcgis/rest/services/US_Electric_Power_Transmission_Lines/FeatureServer/0
23,BRFRFLXA,FL,29.96008262,-82.92799763,4254.5,13958,FORT WHITE,UNKNOWN107673,FORT WHITE,125356,AC; OVERHEAD,"DUKE ENERGY FLORIDA, LLC",IN SERVICE,69,UNDER 100,numeric,N,10809.3,230,FORT WHITE,112825,"DUKE ENERGY FLORIDA, LLC",https://services2.arcgis.com/FiaPA4ga0iQKduv3/arcgis/rest/services/US_Electric_Power_Transmission_Lines/FeatureServer/0
24,BRHDKYXA,KY,37.34168346,-84.44990833,2484,8150,TAP155074,UNKNOWN125497,TAP155074,103401,AC; OVERHEAD,"EAST KENTUCKY POWER COOP, INC",IN SERVICE,69,UNDER 100,numeric,Y,13147.4,345,BROWN PLANT,124041,NOT AVAILABLE,https://services2.arcgis.com/FiaPA4ga0iQKduv3/arcgis/rest/services/US_Electric_Power_Transmission_Lines/FeatureServer/0
25,BRAROKXA,OK,36.0526137,-95.79182596,1312.2,4305,,UNKNOWN118409,UNKNOWN119537,114979,AC; OVERHEAD,PUBLIC SERVICE CO OF OKLAHOMA,IN SERVICE,138,100-161,numeric,Y,1312.2,138,,114979,PUBLIC SERVICE CO OF OKLAHOMA,https://services2.arcgis.com/FiaPA4ga0iQKduv3/arcgis/rest/services/US_Electric_Power_Transmission_Lines/FeatureServer/0
26,BRAROKXC,OK,35.99867768,-95.79685208,679.4,2229,TAP149292,UNKNOWN119540,TAP149292,109171,AC; OVERHEAD,PUBLIC SERVICE CO OF OKLAHOMA,IN SERVICE,138,100-161,numeric,Y,679.4,138,TAP149292,109171,PUBLIC SERVICE CO OF OKLAHOMA,https://services2.arcgis.com/FiaPA4ga0iQKduv3/arcgis/rest/services/US_Electric_Power_Transmission_Lines/FeatureServer/0
27,BRAROKXD,OK,36.08960241,-95.7905582,197.9,649,TAP149299,UNKNOWN118449,TAP149299,139395,AC; OVERHEAD,PUBLIC SERVICE CO OF OKLAHOMA,IN SERVICE,138,100-161,numeric,Y,197.9,138,TAP149299,139395,PUBLIC SERVICE CO OF OKLAHOMA,https://services2.arcgis.com/FiaPA4ga0iQKduv3/arcgis/rest/services/US_Electric_Power_Transmission_Lines/FeatureServer/0
28,BRAROKXE,OK,36.06152416,-95.68429788,240.9,790,ONETA - NORTHEASTERN (345KV),ONETA,NORTHEASTERN (345KV),145549,AC; OVERHEAD,PUBLIC SERVICE CO OF OKLAHOMA,IN SERVICE,345,345,numeric,N,240.9,345,ONETA - NORTHEASTERN (345KV),145549,PUBLIC SERVICE CO OF OKLAHOMA,https://services2.arcgis.com/FiaPA4ga0iQKduv3/arcgis/rest/services/US_Electric_Power_Transmission_Lines/FeatureServer/0
29,BKVLKYXA,KY,38.682502,-84.067487,2136.8,7011,,UNKNOWN121735,UNKNOWN121738,156601,OVERHEAD,NOT AVAILABLE,IN SERVICE,-999999,NOT AVAILABLE,not_published,N,4827.1,138,TAP137345,133681,NOT AVAILABLE,https://services2.arcgis.com/FiaPA4ga0iQKduv3/arcgis/rest/services/US_Electric_Power_Transmission_Lines/FeatureServer/0
30,BWFDTXXA,TX,33.17722041,-102.2744245,1607.4,5273,GOODPASTURE - BROWNFIELD SWITCHING,GOODPASTURE,BROWNFIELD SWITCHING,300139,AC; OVERHEAD,NOT AVAILABLE,IN SERVICE,69,UNDER 100,numeric,N,11148.1,345,TUCO,400314,XCEL ENERGY,https://services2.arcgis.com/FiaPA4ga0iQKduv3/arcgis/rest/services/US_Electric_Power_Transmission_Lines/FeatureServer/0
31,BRSDKYXA,KY,36.98978863,-84.59937332,676.1,2218,TAP155086,UNKNOWN125401,TAP155086,101725,AC; OVERHEAD,NOT AVAILABLE,IN SERVICE,69,UNDER 100,numeric,Y,1133.9,161,COOPER,132353,"EAST KENTUCKY POWER COOP, INC",https://services2.arcgis.com/FiaPA4ga0iQKduv3/arcgis/rest/services/US_Electric_Power_Transmission_Lines/FeatureServer/0
32,CAIRGAXA,GA,30.8785318,-84.20897305,215,705,,UNKNOWN111599,UNKNOWN116698,130306,OVERHEAD,GEORGIA POWER CO,IN SERVICE,-999999,100-161,class_band,Y,3046.3,115,TAP143132,141457,GEORGIA POWER CO,https://services2.arcgis.com/FiaPA4ga0iQKduv3/arcgis/rest/services/US_Electric_Power_Transmission_Lines/FeatureServer/0
33,CLHNFLXA,FL,30.56435631,-81.83142129,1072.6,3519,YULEE,UNKNOWN120481,YULEE,134032,AC; OVERHEAD,FLORIDA POWER & LIGHT CO,IN SERVICE,230,220-287,numeric,N,1072.6,230,YULEE,134032,FLORIDA POWER & LIGHT CO,https://services2.arcgis.com/FiaPA4ga0iQKduv3/arcgis/rest/services/US_Electric_Power_Transmission_Lines/FeatureServer/0
34,CMVLKYXA,KY,37.342599,-85.343916,624.4,2049,TAP155483,UNKNOWN124806,TAP155483,107911,AC; OVERHEAD,KENTUCKY UTILITIES CO,IN SERVICE,69,UNDER 100,numeric,Y,2703.6,161,TAP160471,163556,NOT AVAILABLE,https://services2.arcgis.com/FiaPA4ga0iQKduv3/arcgis/rest/services/US_Electric_Power_Transmission_Lines/FeatureServer/0
35,CNTNGAXA,GA,34.23610953,-84.49065499,513.3,1684,,UNKNOWN111132,UNKNOWN172553,174802,AC; OVERHEAD,GEORGIA POWER CO,IN SERVICE,115,100-161,numeric,Y,513.3,115,,174802,GEORGIA POWER CO,https://services2.arcgis.com/FiaPA4ga0iQKduv3/arcgis/rest/services/US_Electric_Power_Transmission_Lines/FeatureServer/0
36,CECLOHXA,OH,41.21814565,-84.60212589,801.9,2631,TAP173568,UNKNOWN156481,TAP173568,173825,AC; OVERHEAD,OHIO POWER CO,IN SERVICE,-999999,NOT AVAILABLE,not_published,N,9538.9,138,SOUTH HICKSVILLE - LOCKWOOD RD,146106,OHIO POWER CO,https://services2.arcgis.com/FiaPA4ga0iQKduv3/arcgis/rest/services/US_Electric_Power_Transmission_Lines/FeatureServer/0
37,CNVLIAXO,IA,40.7322669,-92.87611867,1664.1,5460,CENTERVILLE,CENTERVILLE,NOT AVAILABLE,123853,OVERHEAD,NOT AVAILABLE,NOT AVAILABLE,69,UNDER 100,numeric,Y,,,,,,https://services2.arcgis.com/FiaPA4ga0iQKduv3/arcgis/rest/services/US_Electric_Power_Transmission_Lines/FeatureServer/0
38,CNVLGAXA,GA,32.62349859,-83.6879991,181.9,597,TAP143049 - TAP169139,TAP143049,TAP169139,170769,AC; OVERHEAD,GEORGIA POWER CO,IN SERVICE,115,100-161,numeric,Y,181.9,115,TAP143049 - TAP169139,170769,GEORGIA POWER CO,https://services2.arcgis.com/FiaPA4ga0iQKduv3/arcgis/rest/services/US_Electric_Power_Transmission_Lines/FeatureServer/0
39,CHRDOHXA,OH,41.58128454,-81.20213285,1079.9,3543,TAP148482,UNKNOWN112912,TAP148482,113231,AC; OVERHEAD,NOT AVAILABLE,IN SERVICE,138,100-161,numeric,Y,1079.9,138,TAP148482,113231,NOT AVAILABLE,https://services2.arcgis.com/FiaPA4ga0iQKduv3/arcgis/rest/services/US_Electric_Power_Transmission_Lines/FeatureServer/0
40,CHRTIAXC,IA,41.01624911,-93.30642589,416.4,1366,LUCAS CO,LUCAS CO,UNKNOWN132644,160856,AC; OVERHEAD,NOT AVAILABLE,IN SERVICE,69,UNDER 100,numeric,Y,3672.9,161,LUCAS CO - OTTUMWA GENERATION STATION,106824,MIDAMERICAN ENERGY CO,https://services2.arcgis.com/FiaPA4ga0iQKduv3/arcgis/rest/services/US_Electric_Power_Transmission_Lines/FeatureServer/0
41,CHWOGAXA,GA,34.76833751,-84.76820927,1262,4140,TAP176873,UNKNOWN109911,TAP176873,179176,AC; OVERHEAD,GEORGIA POWER CO,IN SERVICE,115,100-161,numeric,Y,1262,115,TAP176873,179176,GEORGIA POWER CO,https://services2.arcgis.com/FiaPA4ga0iQKduv3/arcgis/rest/services/US_Electric_Power_Transmission_Lines/FeatureServer/0
42,CHTHOKXD,OK,35.47096122,-95.52363062,1393.1,4571,,UNKNOWN119169,UNKNOWN119170,143858,AC; OVERHEAD,NOT AVAILABLE,IN SERVICE,69,UNDER 100,numeric,Y,3737.9,138,,104741,SOUTHWESTERN POWER ADMINISTRATION,https://services2.arcgis.com/FiaPA4ga0iQKduv3/arcgis/rest/services/US_Electric_Power_Transmission_Lines/FeatureServer/0
43,CHGVNCXA,NC,35.55692203,-80.59588229,224.8,738,,UNKNOWN114688,UNKNOWN114689,150814,AC; OVERHEAD,"DUKE ENERGY CAROLINAS, LLC",IN SERVICE,100,100-161,numeric,Y,224.8,100,,150814,"DUKE ENERGY CAROLINAS, LLC",https://services2.arcgis.com/FiaPA4ga0iQKduv3/arcgis/rest/services/US_Electric_Power_Transmission_Lines/FeatureServer/0
44,CLRDIAXT,IA,40.74054717,-95.03873151,1496.9,4911,,UNKNOWN131420,UNKNOWN168198,169418,AC; OVERHEAD,MIDAMERICAN ENERGY CO,IN SERVICE,69,UNDER 100,numeric,Y,2248.6,161,,139394,MIDAMERICAN ENERGY CO,https://services2.arcgis.com/FiaPA4ga0iQKduv3/arcgis/rest/services/US_Electric_Power_Transmission_Lines/FeatureServer/0
45,CLVLGAXA,GA,34.61483837,-83.52435581,492.3,1615,TAP173810,TAP173810,UNKNOWN173811,175822,OVERHEAD,GEORGIA POWER CO,NOT AVAILABLE,-999999,NOT AVAILABLE,not_published,N,3606.6,115,,140122,GEORGIA POWER CO,https://services2.arcgis.com/FiaPA4ga0iQKduv3/arcgis/rest/services/US_Electric_Power_Transmission_Lines/FeatureServer/0
46,CLEVGAXA,GA,34.59702662,-83.76612716,721.9,2368,,UNKNOWN110446,UNKNOWN110447,104832,OVERHEAD,GEORGIA POWER CO,IN SERVICE,-999999,NOT AVAILABLE,not_published,N,13472.2,115,TAP151228,116778,GEORGIA POWER CO,https://services2.arcgis.com/FiaPA4ga0iQKduv3/arcgis/rest/services/US_Electric_Power_Transmission_Lines/FeatureServer/0
47,CLSTOHXA,OH,41.31290624,-81.91615103,3162.1,10374,AVON LAKE - JUNIPER,AVON LAKE,JUNIPER,121264,AC; OVERHEAD,NOT AVAILABLE,IN SERVICE,345,345,numeric,Y,3162.1,345,AVON LAKE - JUNIPER,121264,NOT AVAILABLE,https://services2.arcgis.com/FiaPA4ga0iQKduv3/arcgis/rest/services/US_Electric_Power_Transmission_Lines/FeatureServer/0
48,CLJTIAWH,IA,41.28189291,-91.38120865,3126.2,10257,SUB T - LOUISA,SUB T,LOUISA,133145,AC; OVERHEAD,MIDAMERICAN ENERGY CO,IN SERVICE,345,345,numeric,N,3126.2,345,SUB T - LOUISA,133145,MIDAMERICAN ENERGY CO,https://services2.arcgis.com/FiaPA4ga0iQKduv3/arcgis/rest/services/US_Electric_Power_Transmission_Lines/FeatureServer/0
49,CMRCGAXA,GA,34.20397642,-83.45947122,1024.4,3361,,UNKNOWN111494,UNKNOWN111501,158028,AC; OVERHEAD,GEORGIA POWER CO,IN SERVICE,115,100-161,numeric,Y,1024.4,115,,158028,GEORGIA POWER CO,https://services2.arcgis.com/FiaPA4ga0iQKduv3/arcgis/rest/services/US_Electric_Power_Transmission_Lines/FeatureServer/0
50,CLDGTXXA,TX,31.75403928,-96.64933392,1455.9,4777,,NOT AVAILABLE,NOT AVAILABLE,302299,AC; OVERHEAD,ONCOR ELECTRIC DELIVERY CO.,IN SERVICE,69,UNDER 100,numeric,N,8105.3,138,,300787,ONCOR ELECTRIC DELIVERY CO.,https://services2.arcgis.com/FiaPA4ga0iQKduv3/arcgis/rest/services/US_Electric_Power_Transmission_Lines/FeatureServer/0
51,CRNLGAXA,GA,34.51451621,-83.52818003,1438.5,4719,TAP153139,UNKNOWN110332,TAP153139,128010,AC; OVERHEAD,GEORGIA POWER CO,IN SERVICE,115,100-161,numeric,Y,1438.5,115,TAP153139,128010,GEORGIA POWER CO,https://services2.arcgis.com/FiaPA4ga0iQKduv3/arcgis/rest/services/US_Electric_Power_Transmission_Lines/FeatureServer/0
52,COWTOKXB,OK,35.95075827,-95.65161581,1461.1,4794,ONETA - CLARKSVILLE,ONETA,CLARKSVILLE,116139,AC; OVERHEAD,PUBLIC SERVICE CO OF OKLAHOMA,IN SERVICE,345,345,numeric,N,1461.1,345,ONETA - CLARKSVILLE,116139,PUBLIC SERVICE CO OF OKLAHOMA,https://services2.arcgis.com/FiaPA4ga0iQKduv3/arcgis/rest/services/US_Electric_Power_Transmission_Lines/FeatureServer/0
53,CRESIAXO,IA,43.37396074,-92.11734885,186.9,613,DEADEND172586,UNKNOWN168404,DEADEND172586,169703,OVERHEAD,NOT AVAILABLE,IN SERVICE,-999999,NOT AVAILABLE,not_published,N,,,,,,https://services2.arcgis.com/FiaPA4ga0iQKduv3/arcgis/rest/services/US_Electric_Power_Transmission_Lines/FeatureServer/0
54,CETNIAXC,IA,41.05817301,-94.36359446,2980.5,9778,CRESTON,UNKNOWN117366,CRESTON,102969,AC; OVERHEAD,WAPA-- WESTERN AREA POWER ADMINISTRATION,IN SERVICE,161,100-161,numeric,Y,2980.5,161,CRESTON,102969,WAPA-- WESTERN AREA POWER ADMINISTRATION,https://services2.arcgis.com/FiaPA4ga0iQKduv3/arcgis/rest/services/US_Electric_Power_Transmission_Lines/FeatureServer/0
55,CRSTARXA,AR,33.12825743,-91.96229117,1262.1,4141,,UNKNOWN107892,UNKNOWN117215,149369,AC; OVERHEAD,ENTERGY ARKANSAS INC,IN SERVICE,115,100-161,numeric,Y,1262.1,115,,149369,ENTERGY ARKANSAS INC,https://services2.arcgis.com/FiaPA4ga0iQKduv3/arcgis/rest/services/US_Electric_Power_Transmission_Lines/FeatureServer/0
56,CMLDKYXA,KY,36.97720903,-82.99018402,571.5,1875,TAP160520,UNKNOWN160519,TAP160520,164108,OVERHEAD,KENTUCKY UTILITIES CO,IN SERVICE,-999999,100-161,class_band,Y,2007.2,161,ARNOLD - TAP154618,144519,NOT AVAILABLE,https://services2.arcgis.com/FiaPA4ga0iQKduv3/arcgis/rest/services/US_Electric_Power_Transmission_Lines/FeatureServer/0
57,DHLNGAXA,GA,34.53542378,-83.98251372,747,2451,TAP155238,UNKNOWN110442,TAP155238,146268,OVERHEAD,GEORGIA POWER CO,IN SERVICE,-999999,100-161,class_band,Y,1799.4,115,TAP155196,112608,GEORGIA POWER CO,https://services2.arcgis.com/FiaPA4ga0iQKduv3/arcgis/rest/services/US_Electric_Power_Transmission_Lines/FeatureServer/0
58,DLRKARXA,AR,34.03811246,-92.88737906,2465.1,8088,,UNKNOWN107953,UNKNOWN108006,145131,AC; OVERHEAD,ENTERGY ARKANSAS INC,IN SERVICE,115,100-161,numeric,Y,2465.1,115,,145131,ENTERGY ARKANSAS INC,https://services2.arcgis.com/FiaPA4ga0iQKduv3/arcgis/rest/services/US_Electric_Power_Transmission_Lines/FeatureServer/0
59,DLHRTXXA,TX,36.06014551,-102.5215033,765.6,2512,TAP303669,TAP303669,NOT AVAILABLE,309931,AC; OVERHEAD,SOUTHWESTERN PUBLIC SERVICE CO,IN SERVICE,69,UNDER 100,numeric,N,836.2,138,DALLAM,310668,SOUTHWESTERN PUBLIC SERVICE CO.,https://services2.arcgis.com/FiaPA4ga0iQKduv3/arcgis/rest/services/US_Electric_Power_Transmission_Lines/FeatureServer/0
60,DLTNGAXD,GA,34.67505472,-84.96638784,212.8,698,TAP145943 - TAP173382,TAP145943,TAP173382,167560,AC; OVERHEAD,GEORGIA POWER CO,IN SERVICE,115,100-161,numeric,Y,212.8,115,TAP145943 - TAP173382,167560,GEORGIA POWER CO,https://services2.arcgis.com/FiaPA4ga0iQKduv3/arcgis/rest/services/US_Electric_Power_Transmission_Lines/FeatureServer/0
61,DWSNGAXA,GA,31.77424503,-84.44564353,726.7,2384,,UNKNOWN111737,UNKNOWN176209,179240,AC; OVERHEAD,GEORGIA POWER CO,IN SERVICE,115,100-161,numeric,Y,726.7,115,,179240,GEORGIA POWER CO,https://services2.arcgis.com/FiaPA4ga0iQKduv3/arcgis/rest/services/US_Electric_Power_Transmission_Lines/FeatureServer/0
62,DELTOHXA,OH,41.57490823,-84.00765851,1178.2,3865,,UNKNOWN113825,UNKNOWN171366,173698,AC; OVERHEAD,NOT AVAILABLE,IN SERVICE,-999999,NOT AVAILABLE,not_published,N,2527.1,345,,105659,"AMERICAN TRANSMISSION SYSTEMS, INC.",https://services2.arcgis.com/FiaPA4ga0iQKduv3/arcgis/rest/services/US_Electric_Power_Transmission_Lines/FeatureServer/0
63,DMMTTXXA,TX,34.55170601,-102.3112843,503.4,1652,,NOT AVAILABLE,NOT AVAILABLE,300011,AC; OVERHEAD,NOT AVAILABLE,IN SERVICE,138,100-161,numeric,N,503.4,138,,300011,NOT AVAILABLE,https://services2.arcgis.com/FiaPA4ga0iQKduv3/arcgis/rest/services/US_Electric_Power_Transmission_Lines/FeatureServer/0
64,DNVLGAXA,GA,31.04134697,-84.8845435,40.1,132,,UNKNOWN111610,UNKNOWN111611,100832,AC; OVERHEAD,GEORGIA POWER CO,IN SERVICE,115,100-161,numeric,Y,40.1,115,,100832,GEORGIA POWER CO,https://services2.arcgis.com/FiaPA4ga0iQKduv3/arcgis/rest/services/US_Electric_Power_Transmission_Lines/FeatureServer/0
65,DNSNIAXO,IA,40.6428222,-91.56532493,6815.9,22362,TAP159141,TAP159141,UNKNOWN159143,160544,AC; OVERHEAD,NOT AVAILABLE,IN SERVICE,69,UNDER 100,numeric,Y,6856.4,345,TAP140530 - SUB T,126581,NOT AVAILABLE,https://services2.arcgis.com/FiaPA4ga0iQKduv3/arcgis/rest/services/US_Electric_Power_Transmission_Lines/FeatureServer/0
66,DUMSTXXA,TX,35.85904172,-101.9741244,925.7,3037,DUMAS 19TH STREET,UNKNOWN301331,DUMAS 19TH STREET,313684,AC; OVERHEAD,SOUTHWESTERN PUBLIC SERVICE CO.,IN SERVICE,69,UNDER 100,numeric,N,2252.8,115,DUMAS 19TH STREET,311508,SOUTHWESTERN PUBLIC SERVICE CO,https://services2.arcgis.com/FiaPA4ga0iQKduv3/arcgis/rest/services/US_Electric_Power_Transmission_Lines/FeatureServer/0
67,DYVLIAXO,IA,42.48406074,-91.12305719,968.4,3177,,UNKNOWN159100,UNKNOWN163555,160587,AC; OVERHEAD,NOT AVAILABLE,IN SERVICE,69,UNDER 100,numeric,Y,6659.3,161,DUNDEE - HICKORY CREEK,120017,NOT AVAILABLE,https://services2.arcgis.com/FiaPA4ga0iQKduv3/arcgis/rest/services/US_Electric_Power_Transmission_Lines/FeatureServer/0
68,EDWDIAXO,IA,42.6451856,-91.40056771,7016.1,23019,ELK WIND FARM,ELK WIND FARM,NOT AVAILABLE,143054,OVERHEAD,NOT AVAILABLE,NOT AVAILABLE,-999999,NOT AVAILABLE,not_published,N,10102.2,345,SALEM - HAZLETON,158094,MIDAMERICAN ENERGY CO,https://services2.arcgis.com/FiaPA4ga0iQKduv3/arcgis/rest/services/US_Electric_Power_Transmission_Lines/FeatureServer/0
69,ELYROHXA,OH,41.36574092,-82.10999278,1509.3,4952,,UNKNOWN113152,UNKNOWN113217,173755,AC; OVERHEAD,NOT AVAILABLE,IN SERVICE,138,100-161,numeric,Y,1509.3,138,,173755,NOT AVAILABLE,https://services2.arcgis.com/FiaPA4ga0iQKduv3/arcgis/rest/services/US_Electric_Power_Transmission_Lines/FeatureServer/0
70,ELYROHXB,OH,41.38464009,-82.07799558,795.6,2610,TAP171401 - TAP172609,TAP171401,TAP172609,173759,AC; OVERHEAD,NOT AVAILABLE,IN SERVICE,-999999,NOT AVAILABLE,not_published,N,3645.4,138,,159619,NOT AVAILABLE,https://services2.arcgis.com/FiaPA4ga0iQKduv3/arcgis/rest/services/US_Electric_Power_Transmission_Lines/FeatureServer/0
71,ELYROHXE,OH,41.39990242,-82.13250538,260.3,854,,UNKNOWN113248,UNKNOWN113295,159619,AC; OVERHEAD,NOT AVAILABLE,IN SERVICE,138,100-161,numeric,Y,260.3,138,,159619,NOT AVAILABLE,https://services2.arcgis.com/FiaPA4ga0iQKduv3/arcgis/rest/services/US_Electric_Power_Transmission_Lines/FeatureServer/0
72,EMBGIAXP,IA,43.11080562,-94.66738633,8856.7,29058,,UNKNOWN130503,UNKNOWN130507,104889,AC; OVERHEAD,MIDAMERICAN ENERGY CO,IN SERVICE,161,100-161,numeric,N,8856.7,161,,104889,MIDAMERICAN ENERGY CO,https://services2.arcgis.com/FiaPA4ga0iQKduv3/arcgis/rest/services/US_Electric_Power_Transmission_Lines/FeatureServer/0
73,EVRSKYXA,KY,36.86186907,-83.18240161,471.2,1546,TAP154622 - TAP160523,TAP154622,TAP160523,164291,AC; OVERHEAD,KENTUCKY UTILITIES CO,IN SERVICE,69,UNDER 100,numeric,Y,2347.1,161,HARLAN Y - ARNOLD,128143,KENTUCKY UTILITIES CO,https://services2.arcgis.com/FiaPA4ga0iQKduv3/arcgis/rest/services/US_Electric_Power_Transmission_Lines/FeatureServer/0
74,FRFDIAXC,IA,41.00742291,-91.96587812,549,1801,TAP137749,UNKNOWN137739,TAP137749,105699,OVERHEAD,NOT AVAILABLE,IN SERVICE,-999999,NOT AVAILABLE,not_published,N,3120.3,161,JEFFERSON - HENRY CO,140001,NOT AVAILABLE,https://services2.arcgis.com/FiaPA4ga0iQKduv3/arcgis/rest/services/US_Electric_Power_Transmission_Lines/FeatureServer/0
75,FTZGGAXA,GA,31.71514352,-83.25379441,614.7,2017,,UNKNOWN111755,UNKNOWN116847,123984,AC; OVERHEAD,GEORGIA POWER CO,IN SERVICE,115,100-161,numeric,Y,614.7,115,,123984,GEORGIA POWER CO,https://services2.arcgis.com/FiaPA4ga0iQKduv3/arcgis/rest/services/US_Electric_Power_Transmission_Lines/FeatureServer/0
76,RSSLKYXB,KY,38.51718043,-82.72206062,1627.8,5341,BELLEFONTE - RUSSELL,BELLEFONTE,RUSSELL,145174,AC; OVERHEAD,KENTUCKY POWER CO,IN SERVICE,69,UNDER 100,numeric,Y,1627.8,138,CHADWICK - RUSSELL,106983,KENTUCKY POWER CO,https://services2.arcgis.com/FiaPA4ga0iQKduv3/arcgis/rest/services/US_Electric_Power_Transmission_Lines/FeatureServer/0
77,FMBGKYXA,KY,38.42491568,-83.73666597,556.5,1826,TAP137340,UNKNOWN121422,TAP137340,114939,AC; OVERHEAD,NOT AVAILABLE,IN SERVICE,138,100-161,numeric,Y,556.5,138,TAP137340,114939,NOT AVAILABLE,https://services2.arcgis.com/FiaPA4ga0iQKduv3/arcgis/rest/services/US_Electric_Power_Transmission_Lines/FeatureServer/0
78,FLTNGAXA,GA,30.82945208,-82.00521745,2022.9,6637,,UNKNOWN111393,UNKNOWN111565,115544,AC; OVERHEAD,GEORGIA POWER CO,IN SERVICE,115,100-161,numeric,Y,2022.9,115,,115544,GEORGIA POWER CO,https://services2.arcgis.com/FiaPA4ga0iQKduv3/arcgis/rest/services/US_Electric_Power_Transmission_Lines/FeatureServer/0
79,FRDYARXA,AR,33.81287436,-92.41351291,445,1460,,UNKNOWN121602,UNKNOWN161364,159394,AC; OVERHEAD,ENTERGY ARKANSAS INC,IN SERVICE,115,100-161,numeric,Y,445,115,,159394,ENTERGY ARKANSAS INC,https://services2.arcgis.com/FiaPA4ga0iQKduv3/arcgis/rest/services/US_Electric_Power_Transmission_Lines/FeatureServer/0
80,FRCYIAXO,IA,43.26576547,-93.63893779,418.6,1373,FOREST CITY LIGHT PLANT,FOREST CITY LIGHT PLANT,NOT AVAILABLE,147814,OVERHEAD,NOT AVAILABLE,NOT AVAILABLE,69,UNDER 100,numeric,Y,5862.8,161,TAP163601,166620,NOT AVAILABLE,https://services2.arcgis.com/FiaPA4ga0iQKduv3/arcgis/rest/services/US_Electric_Power_Transmission_Lines/FeatureServer/0
81,GENVOHXA,OH,41.80531692,-80.94567163,4136.9,13572,TAP136893 - PERRY,TAP136893,PERRY,103658,AC; OVERHEAD,"AMERICAN TRANSMISSION SYSTEMS, INC.",IN SERVICE,345,345,numeric,N,4136.9,345,TAP136893 - PERRY,103658,"AMERICAN TRANSMISSION SYSTEMS, INC.",https://services2.arcgis.com/FiaPA4ga0iQKduv3/arcgis/rest/services/US_Electric_Power_Transmission_Lines/FeatureServer/0
82,GRVIOHXA,OH,40.06756012,-82.51897847,851.3,2793,TAP171386,UNKNOWN112973,TAP171386,173735,AC; OVERHEAD,OHIO POWER CO,IN SERVICE,69,UNDER 100,numeric,Y,2965.4,138,NORTH NEWARK SUBSTATION,116448,OHIO POWER CO,https://services2.arcgis.com/FiaPA4ga0iQKduv3/arcgis/rest/services/US_Electric_Power_Transmission_Lines/FeatureServer/0
83,GNBRARXA,AR,35.23266277,-92.38835084,1071.2,3514,GREENBRIER,UNKNOWN108014,GREENBRIER,120252,AC; OVERHEAD,ENTERGY ARKANSAS INC,IN SERVICE,161,100-161,numeric,Y,1071.2,161,GREENBRIER,120252,ENTERGY ARKANSAS INC,https://services2.arcgis.com/FiaPA4ga0iQKduv3/arcgis/rest/services/US_Electric_Power_Transmission_Lines/FeatureServer/0
84,GNFDIAAJ,IA,41.29482081,-94.46017161,2359.8,7742,NORTH - TAP177103,NORTH,TAP177103,180295,NOT AVAILABLE,NOT AVAILABLE,IN SERVICE,-999999,NOT AVAILABLE,not_published,NOT AVAILABLE,8594.4,161,CRESTON - ANITA,111700,WAPA-- WESTERN AREA POWER ADMINISTRATION,https://services2.arcgis.com/FiaPA4ga0iQKduv3/arcgis/rest/services/US_Electric_Power_Transmission_Lines/FeatureServer/0
85,GNUPKYXA,KY,38.57342447,-82.83962673,2736.3,8978,,UNKNOWN137848,NOT AVAILABLE,139308,AC; OVERHEAD,OHIO POWER CO,NOT AVAILABLE,69,UNDER 100,numeric,Y,3685.9,765,JEFFERSON - HANGING ROCK,114236,NOT AVAILABLE,https://services2.arcgis.com/FiaPA4ga0iQKduv3/arcgis/rest/services/US_Electric_Power_Transmission_Lines/FeatureServer/0
86,GRNLIAXC,IA,41.74516982,-92.72541513,440.5,1445,,UNKNOWN173659,UNKNOWN173801,175805,OVERHEAD,CITY OF MONTEZUMA - (IA),NOT AVAILABLE,-999999,NOT AVAILABLE,not_published,N,14598.5,345,MONTEZUMA SWITCHING STATION - BONDURANT,139793,MIDAMERICAN ENERGY CO,https://services2.arcgis.com/FiaPA4ga0iQKduv3/arcgis/rest/services/US_Electric_Power_Transmission_Lines/FeatureServer/0
87,HRSNARXA,AR,36.214283,-93.079052,957.9,3143,,UNKNOWN107930,UNKNOWN121832,103259,AC; OVERHEAD,ENTERGY ARKANSAS INC,IN SERVICE,161,100-161,numeric,Y,957.9,161,,103259,ENTERGY ARKANSAS INC,https://services2.arcgis.com/FiaPA4ga0iQKduv3/arcgis/rest/services/US_Electric_Power_Transmission_Lines/FeatureServer/0
88,HZRDKYXA,KY,37.24986502,-83.19392024,518.2,1700,HAZARD,HAZARD,UNKNOWN121485,108992,AC; OVERHEAD,KENTUCKY POWER CO,IN SERVICE,69,UNDER 100,numeric,Y,1044.4,161,HAZARD - WOOTON,129211,KENTUCKY POWER CO,https://services2.arcgis.com/FiaPA4ga0iQKduv3/arcgis/rest/services/US_Electric_Power_Transmission_Lines/FeatureServer/0
89,HWSSGAXA,GA,34.95173821,-83.75830574,25.5,84,TAP151237,UNKNOWN116503,TAP151237,118904,AC; OVERHEAD,TENNESSEE VALLEY AUTHORITY,IN SERVICE,69,UNDER 100,numeric,Y,10248.7,161,HAYESVILLE,130347,"DUKE ENERGY CAROLINAS, LLC",https://services2.arcgis.com/FiaPA4ga0iQKduv3/arcgis/rest/services/US_Electric_Power_Transmission_Lines/FeatureServer/0
90,HLRDFLXA,FL,30.68973301,-81.91866146,3516.3,11537,DUVAL - THALMANN,DUVAL,THALMANN,120977,AC; OVERHEAD,NOT AVAILABLE,IN SERVICE,500,500,numeric,N,3516.3,500,DUVAL - THALMANN,120977,NOT AVAILABLE,https://services2.arcgis.com/FiaPA4ga0iQKduv3/arcgis/rest/services/US_Electric_Power_Transmission_Lines/FeatureServer/0
91,HIRMOHXA,OH,41.31000644,-81.14604119,7491.5,24578,HIGHLAND - CHAMBERLIN,HIGHLAND,CHAMBERLIN,124079,AC; OVERHEAD,"AMERICAN TRANSMISSION SYSTEMS, INC.",IN SERVICE,345,345,numeric,N,7491.5,345,HIGHLAND - CHAMBERLIN,124079,"AMERICAN TRANSMISSION SYSTEMS, INC.",https://services2.arcgis.com/FiaPA4ga0iQKduv3/arcgis/rest/services/US_Electric_Power_Transmission_Lines/FeatureServer/0
92,HLCRIAXP,IA,42.59921634,-90.9921892,392.3,1287,TAP159090 - TAP159092,TAP159090,TAP159092,160468,AC; OVERHEAD,NOT AVAILABLE,IN SERVICE,69,UNDER 100,numeric,Y,3515.3,345,TURKEY RIVER - TAP400199,400396,AMERICAN TRANSMISSION,https://services2.arcgis.com/FiaPA4ga0iQKduv3/arcgis/rest/services/US_Electric_Power_Transmission_Lines/FeatureServer/0
93,HDSNOHXB,OH,41.21706309,-81.44250817,810.4,2659,TAP148087 - DARROW,TAP148087,DARROW,113504,OVERHEAD,NOT AVAILABLE,IN SERVICE,-999999,NOT AVAILABLE,not_published,N,1050.6,138,DARROW - HANNA,125569,NOT AVAILABLE,https://services2.arcgis.com/FiaPA4ga0iQKduv3/arcgis/rest/services/US_Electric_Power_Transmission_Lines/FeatureServer/0
94,HDSNOHXA,OH,41.24341435,-81.44003425,1297.5,4257,CHAMBERLIN,UNKNOWN112784,CHAMBERLIN,133350,OVERHEAD,NOT AVAILABLE,IN SERVICE,-999999,NOT AVAILABLE,not_published,N,3274.9,138,DARROW - HANNA,125569,NOT AVAILABLE,https://services2.arcgis.com/FiaPA4ga0iQKduv3/arcgis/rest/services/US_Electric_Power_Transmission_Lines/FeatureServer/0
95,WTWDTXXA,TX,30.81159231,-95.25973771,1311.5,4303,,UNKNOWN301204,UNKNOWN301486,313701,AC; OVERHEAD,NOT AVAILABLE,IN SERVICE,69,UNDER 100,numeric,Y,3694,138,,304605,SAM HOUSTON ELECTRIC COOP INC,https://services2.arcgis.com/FiaPA4ga0iQKduv3/arcgis/rest/services/US_Electric_Power_Transmission_Lines/FeatureServer/0
96,IRTNGAXA,GA,32.82025461,-83.16782563,1270.1,4167,MEAG3,UNKNOWN112282,MEAG3,104278,OVERHEAD,GEORGIA POWER CO,IN SERVICE,-999999,100-161,class_band,Y,3603,115,,148195,GEORGIA POWER CO,https://services2.arcgis.com/FiaPA4ga0iQKduv3/arcgis/rest/services/US_Electric_Power_Transmission_Lines/FeatureServer/0
97,JSPRGAXA,GA,34.46817879,-84.43144501,891.1,2924,TAP169054,UNKNOWN169053,TAP169054,170609,OVERHEAD,GEORGIA POWER CO,IN SERVICE,-999999,NOT AVAILABLE,not_published,N,1667.1,230,,115545,GEORGIA POWER CO,https://services2.arcgis.com/FiaPA4ga0iQKduv3/arcgis/rest/services/US_Electric_Power_Transmission_Lines/FeatureServer/0
98,JLLYIAXE,IA,42.47842132,-94.71846556,4069.2,13350,,UNKNOWN130435,UNKNOWN168197,169417,AC; OVERHEAD,MIDAMERICAN ENERGY CO,IN SERVICE,69,UNDER 100,numeric,Y,9729.3,161,,104460,MIDAMERICAN ENERGY CO,https://services2.arcgis.com/FiaPA4ga0iQKduv3/arcgis/rest/services/US_Electric_Power_Transmission_Lines/FeatureServer/0
99,KNTNOHXA,OH,40.64789637,-83.61029866,2541.7,8339,TAP140023,UNKNOWN137331,TAP140023,148375,AC; OVERHEAD,OHIO POWER CO,IN SERVICE,138,100-161,numeric,Y,2541.7,138,TAP140023,148375,OHIO POWER CO,https://services2.arcgis.com/FiaPA4ga0iQKduv3/arcgis/rest/services/US_Electric_Power_Transmission_Lines/FeatureServer/0
100,KRVLTXXA,TX,30.04534759,-99.13997664,1314.2,4312,TRAVIS,UNKNOWN302447,TRAVIS,307601,AC; OVERHEAD,"PEDERNALES ELECTRIC COOP, INC",NOT AVAILABLE,69,UNDER 100,numeric,N,1431.9,138,,309918,"PEDERNALES ELECTRIC COOP, INC",https://services2.arcgis.com/FiaPA4ga0iQKduv3/arcgis/rest/services/US_Electric_Power_Transmission_Lines/FeatureServer/0
101,KGVLOHXA,OH,41.88940328,-80.67476628,1472.8,4832,TAP136902,UNKNOWN113675,TAP136902,129721,AC; OVERHEAD,NOT AVAILABLE,IN SERVICE,138,100-161,numeric,Y,1472.8,138,TAP136902,129721,NOT AVAILABLE,https://services2.arcgis.com/FiaPA4ga0iQKduv3/arcgis/rest/services/US_Electric_Power_Transmission_Lines/FeatureServer/0
102,KNVLIAXD,IA,41.34934878,-93.02558814,3885.7,12748,KNOXVILLE BATTERY ENERGY STORAGE,KNOXVILLE BATTERY ENERGY STORAGE,UNKNOWN137742,160875,AC; OVERHEAD,MIDAMERICAN ENERGY CO,IN SERVICE,69,UNDER 100,numeric,Y,,,,,,https://services2.arcgis.com/FiaPA4ga0iQKduv3/arcgis/rest/services/US_Electric_Power_Transmission_Lines/FeatureServer/0
103,KNVLIAWH,IA,41.3202682,-93.06150375,98.6,324,KNOXVILLE BATTERY ENERGY STORAGE,KNOXVILLE BATTERY ENERGY STORAGE,UNKNOWN137742,160875,AC; OVERHEAD,MIDAMERICAN ENERGY CO,IN SERVICE,69,UNDER 100,numeric,Y,,,,,,https://services2.arcgis.com/FiaPA4ga0iQKduv3/arcgis/rest/services/US_Electric_Power_Transmission_Lines/FeatureServer/0
104,KNVLIAXC,IA,41.31955143,-93.098332,935.6,3069,KNOXVILLE BATTERY ENERGY STORAGE,KNOXVILLE BATTERY ENERGY STORAGE,UNKNOWN137742,160875,AC; OVERHEAD,MIDAMERICAN ENERGY CO,IN SERVICE,69,UNDER 100,numeric,Y,,,,,,https://services2.arcgis.com/FiaPA4ga0iQKduv3/arcgis/rest/services/US_Electric_Power_Transmission_Lines/FeatureServer/0
105,LFYTGAXA,GA,34.70665255,-85.28274049,954,3130,ROCK SPRING,UNKNOWN109795,ROCK SPRING,118758,AC; OVERHEAD,GEORGIA POWER CO,IN SERVICE,115,100-161,numeric,Y,954,115,ROCK SPRING,118758,GEORGIA POWER CO,https://services2.arcgis.com/FiaPA4ga0iQKduv3/arcgis/rest/services/US_Electric_Power_Transmission_Lines/FeatureServer/0
106,ELYROHXD,OH,41.31259102,-82.11731811,345.7,1134,SHINROCK,UNKNOWN113152,SHINROCK,167799,AC; OVERHEAD,NOT AVAILABLE,IN SERVICE,138,100-161,numeric,Y,345.7,138,SHINROCK,167799,NOT AVAILABLE,https://services2.arcgis.com/FiaPA4ga0iQKduv3/arcgis/rest/services/US_Electric_Power_Transmission_Lines/FeatureServer/0
107,LKCYIAXO,IA,42.26849988,-94.73361558,8592,28189,,UNKNOWN130435,UNKNOWN168197,169417,AC; OVERHEAD,MIDAMERICAN ENERGY CO,IN SERVICE,69,UNDER 100,numeric,Y,10289.1,345,LEHIGH - RAUN,109217,MIDAMERICAN ENERGY CO,https://services2.arcgis.com/FiaPA4ga0iQKduv3/arcgis/rest/services/US_Electric_Power_Transmission_Lines/FeatureServer/0
108,LAMSTXXA,TX,32.73209717,-101.9508835,737.5,2420,,UNKNOWN300952,UNKNOWN301048,313735,AC; OVERHEAD,ONCOR ELECTRIC DELIVERY CO.,IN SERVICE,69,UNDER 100,numeric,N,1830,138,,311541,ONCOR ELECTRIC DELIVERY CO.,https://services2.arcgis.com/FiaPA4ga0iQKduv3/arcgis/rest/services/US_Electric_Power_Transmission_Lines/FeatureServer/0
109,LAVNGAXA,GA,34.43593356,-83.10440458,1142.3,3748,TAP173822 - DEADEND173825,TAP173822,DEADEND173825,175840,OVERHEAD,GEORGIA POWER CO,NOT AVAILABLE,-999999,NOT AVAILABLE,not_published,N,1991.1,115,TAP154604,133192,GEORGIA POWER CO,https://services2.arcgis.com/FiaPA4ga0iQKduv3/arcgis/rest/services/US_Electric_Power_Transmission_Lines/FeatureServer/0
110,LEDSALXA,AL,33.54372706,-86.54439521,574,1883,TAP145830,UNKNOWN110130,TAP145830,134621,AC; OVERHEAD,ALABAMA POWER CO,IN SERVICE,115,100-161,numeric,Y,574,115,TAP145830,134621,ALABAMA POWER CO,https://services2.arcgis.com/FiaPA4ga0iQKduv3/arcgis/rest/services/US_Electric_Power_Transmission_Lines/FeatureServer/0
111,LTFDKYXA,KY,37.48445892,-86.29395113,157.1,515,TAP155982,UNKNOWN124713,TAP155982,156353,AC; OVERHEAD,KENTUCKY UTILITIES CO,IN SERVICE,69,UNDER 100,numeric,Y,1554.6,138,TAP155580,104327,KENTUCKY UTILITIES CO,https://services2.arcgis.com/FiaPA4ga0iQKduv3/arcgis/rest/services/US_Electric_Power_Transmission_Lines/FeatureServer/0
112,LVLDTXXA,TX,33.58805583,-102.3795435,391.5,1284,,UNKNOWN302193,NOT AVAILABLE,300096,AC; OVERHEAD,SOUTHWESTERN PUBLIC SERVICE CO.,IN SERVICE,69,UNDER 100,numeric,N,4208.3,115,TAP300226,301055,NOT AVAILABLE,https://services2.arcgis.com/FiaPA4ga0iQKduv3/arcgis/rest/services/US_Electric_Power_Transmission_Lines/FeatureServer/0
113,LTFDTXXA,TX,33.921043,-102.329773,1322.1,4338,,UNKNOWN301554,UNKNOWN304715,300089,AC; OVERHEAD,NOT AVAILABLE,IN SERVICE,69,UNDER 100,numeric,N,3118.9,115,PLANT X,307568,BAILEY COUNTY ELEC COOP ASSN,https://services2.arcgis.com/FiaPA4ga0iQKduv3/arcgis/rest/services/US_Electric_Power_Transmission_Lines/FeatureServer/0
114,LVOKFLXA,FL,30.29397346,-82.98207915,377,1237,LIVE OAK,UNKNOWN107674,LIVE OAK,144068,AC; OVERHEAD,"DUKE ENERGY FLORIDA, LLC",IN SERVICE,115,100-161,numeric,N,377,115,LIVE OAK,144068,"DUKE ENERGY FLORIDA, LLC",https://services2.arcgis.com/FiaPA4ga0iQKduv3/arcgis/rest/services/US_Electric_Power_Transmission_Lines/FeatureServer/0
115,MDSNOHXA,OH,41.80027422,-81.04898539,1103.6,3621,TAP136893 - PERRY,TAP136893,PERRY,103658,AC; OVERHEAD,"AMERICAN TRANSMISSION SYSTEMS, INC.",IN SERVICE,345,345,numeric,N,1103.6,345,TAP136893 - PERRY,103658,"AMERICAN TRANSMISSION SYSTEMS, INC.",https://services2.arcgis.com/FiaPA4ga0iQKduv3/arcgis/rest/services/US_Electric_Power_Transmission_Lines/FeatureServer/0
116,MNCHIAXO,IA,42.48472283,-91.45717681,7586.1,24889,DUNDEE - HICKORY CREEK,DUNDEE,HICKORY CREEK,120017,AC; OVERHEAD,NOT AVAILABLE,IN SERVICE,161,100-161,numeric,Y,7586.1,161,DUNDEE - HICKORY CREEK,120017,NOT AVAILABLE,https://services2.arcgis.com/FiaPA4ga0iQKduv3/arcgis/rest/services/US_Electric_Power_Transmission_Lines/FeatureServer/0
117,MNCHIAWH,IA,42.45587333,-91.47837073,7465,24492,DUNDEE - COGGON,DUNDEE,COGGON,144434,AC; OVERHEAD,NOT AVAILABLE,IN SERVICE,161,100-161,numeric,Y,7465,161,DUNDEE - COGGON,144434,NOT AVAILABLE,https://services2.arcgis.com/FiaPA4ga0iQKduv3/arcgis/rest/services/US_Electric_Power_Transmission_Lines/FeatureServer/0
118,MNCHGAXA,GA,32.85132378,-84.61593315,3299.1,10824,,UNKNOWN112106,UNKNOWN116695,106353,AC; OVERHEAD,GEORGIA POWER CO,IN SERVICE,115,100-161,numeric,Y,3299.1,115,,106353,GEORGIA POWER CO,https://services2.arcgis.com/FiaPA4ga0iQKduv3/arcgis/rest/services/US_Electric_Power_Transmission_Lines/FeatureServer/0
119,MRNGIAXO,IA,41.79888094,-92.06939307,13679.9,44881,TAP168104 - TAP168107,TAP168104,TAP168107,169309,AC; OVERHEAD,NOT AVAILABLE,IN SERVICE,69,UNDER 100,numeric,Y,,,,,,https://services2.arcgis.com/FiaPA4ga0iQKduv3/arcgis/rest/services/US_Electric_Power_Transmission_Lines/FeatureServer/0
120,MAYOFLXA,FL,30.05422767,-83.17625776,7685.6,25215,,UNKNOWN107670,UNKNOWN107673,136349,AC; OVERHEAD,"DUKE ENERGY FLORIDA, LLC",IN SERVICE,69,UNDER 100,numeric,N,,,,,,https://services2.arcgis.com/FiaPA4ga0iQKduv3/arcgis/rest/services/US_Electric_Power_Transmission_Lines/FeatureServer/0
121,MCRAGAXA,GA,32.06678201,-82.89752257,79.1,260,,UNKNOWN111843,UNKNOWN154655,170565,OVERHEAD,GEORGIA POWER CO,IN SERVICE,-999999,NOT AVAILABLE,not_published,N,2123.2,115,TAP155816,158101,GEORGIA POWER CO,https://services2.arcgis.com/FiaPA4ga0iQKduv3/arcgis/rest/services/US_Electric_Power_Transmission_Lines/FeatureServer/0
122,MLRSIAXO,IA,40.97544741,-93.04810714,9654.1,31674,LUCAS CO - OTTUMWA GENERATION STATION,LUCAS CO,OTTUMWA GENERATION STATION,106824,AC; OVERHEAD,MIDAMERICAN ENERGY CO,IN SERVICE,161,100-161,numeric,Y,9654.1,161,LUCAS CO - OTTUMWA GENERATION STATION,106824,MIDAMERICAN ENERGY CO,https://services2.arcgis.com/FiaPA4ga0iQKduv3/arcgis/rest/services/US_Electric_Power_Transmission_Lines/FeatureServer/0
123,MMPHTXXA,TX,34.72450811,-100.5393755,672.9,2208,,UNKNOWN302870,UNKNOWN305278,301886,AC; OVERHEAD,NOT AVAILABLE,IN SERVICE,69,UNDER 100,numeric,N,4494.8,115,FLOYD,309528,"LIGHTHOUSE ELECTRIC COOP, INC",https://services2.arcgis.com/FiaPA4ga0iQKduv3/arcgis/rest/services/US_Electric_Power_Transmission_Lines/FeatureServer/0
124,MDVLGAXA,GA,33.09081481,-83.22847282,1218.2,3997,,UNKNOWN113534,UNKNOWN113536,115084,AC; OVERHEAD,GEORGIA POWER CO,IN SERVICE,115,100-161,numeric,Y,1218.2,115,,115084,GEORGIA POWER CO,https://services2.arcgis.com/FiaPA4ga0iQKduv3/arcgis/rest/services/US_Electric_Power_Transmission_Lines/FeatureServer/0
125,MONRGAXB,GA,33.89043802,-83.71992317,404.1,1326,DOYLE ENERGY FACILITY,DOYLE ENERGY FACILITY,UNKNOWN133851,108650,AC; OVERHEAD,GEORGIA POWER CO,IN SERVICE,230,220-287,numeric,Y,404.1,230,DOYLE ENERGY FACILITY,108650,GEORGIA POWER CO,https://services2.arcgis.com/FiaPA4ga0iQKduv3/arcgis/rest/services/US_Electric_Power_Transmission_Lines/FeatureServer/0
126,MONRGAXA,GA,33.79645658,-83.71253894,309.9,1017,,UNKNOWN116149,UNKNOWN116150,110923,AC; OVERHEAD,GEORGIA POWER CO,IN SERVICE,115,100-161,numeric,Y,309.9,115,,110923,GEORGIA POWER CO,https://services2.arcgis.com/FiaPA4ga0iQKduv3/arcgis/rest/services/US_Electric_Power_Transmission_Lines/FeatureServer/0
127,MTZMGAXA,GA,32.30174803,-84.03082915,2096.6,6879,,UNKNOWN116910,UNKNOWN116911,149259,OVERHEAD,GEORGIA POWER CO,IN SERVICE,-999999,100-161,class_band,Y,2217.6,115,TAP142440,103149,GEORGIA POWER CO,https://services2.arcgis.com/FiaPA4ga0iQKduv3/arcgis/rest/services/US_Electric_Power_Transmission_Lines/FeatureServer/0
128,MNTIKYXA,KY,36.83127068,-84.85042624,788.3,2586,,UNKNOWN124791,UNKNOWN176197,179005,NOT AVAILABLE,NOT AVAILABLE,IN SERVICE,-999999,NOT AVAILABLE,not_published,NOT AVAILABLE,6198,161,MCCREARY COUNTY - TAP155477,102333,"EAST KENTUCKY POWER COOP, INC",https://services2.arcgis.com/FiaPA4ga0iQKduv3/arcgis/rest/services/US_Electric_Power_Transmission_Lines/FeatureServer/0
129,LEDSALXB,AL,33.59341396,-86.49852364,376.6,1235,TAP142570,UNKNOWN112347,TAP142570,129821,AC; OVERHEAD,ALABAMA POWER CO,IN SERVICE,115,100-161,numeric,Y,376.6,115,TAP142570,129821,ALABAMA POWER CO,https://services2.arcgis.com/FiaPA4ga0iQKduv3/arcgis/rest/services/US_Electric_Power_Transmission_Lines/FeatureServer/0
130,MORVIAIC,IA,40.89205499,-92.98350002,,,,,,,,,NOT FOUND (no line within 15000 m),,,,,,,,,,https://services2.arcgis.com/FiaPA4ga0iQKduv3/arcgis/rest/services/US_Electric_Power_Transmission_Lines/FeatureServer/0
131,MRHDKYXA,KY,38.18366375,-83.43477901,324.1,1063,TAP160510,UNKNOWN157707,TAP160510,164100,AC; OVERHEAD,KENTUCKY UTILITIES CO,IN SERVICE,69,UNDER 100,numeric,Y,1438.6,138,RODBURN - TAP137343,107778,NOT AVAILABLE,https://services2.arcgis.com/FiaPA4ga0iQKduv3/arcgis/rest/services/US_Electric_Power_Transmission_Lines/FeatureServer/0
132,MLTRGAXA,GA,31.17748292,-83.78371355,302.7,993,TAP142756,UNKNOWN116718,TAP142756,117519,AC; OVERHEAD,GEORGIA POWER CO,IN SERVICE,115,100-161,numeric,Y,302.7,115,TAP142756,117519,GEORGIA POWER CO,https://services2.arcgis.com/FiaPA4ga0iQKduv3/arcgis/rest/services/US_Electric_Power_Transmission_Lines/FeatureServer/0
133,MLTRGA05,GA,31.17919025,-83.74876131,2082.6,6833,TAP142748 - TAP142757,TAP142748,TAP142757,108961,OVERHEAD,GEORGIA POWER CO,IN SERVICE,-999999,100-161,class_band,Y,3004.9,115,TAP142756,117519,GEORGIA POWER CO,https://services2.arcgis.com/FiaPA4ga0iQKduv3/arcgis/rest/services/US_Electric_Power_Transmission_Lines/FeatureServer/0
134,MTAYIAXC,IA,40.71260431,-94.23730377,,,,,,,,,NOT FOUND (no line within 15000 m),,,,,,,,,,https://services2.arcgis.com/FiaPA4ga0iQKduv3/arcgis/rest/services/US_Electric_Power_Transmission_Lines/FeatureServer/0
135,MNPLIAXC,IA,40.96786585,-91.55338569,505.9,1660,MT PLEASANT,MT PLEASANT,NOT AVAILABLE,140027,OVERHEAD,NOT AVAILABLE,NOT AVAILABLE,69,UNDER 100,numeric,Y,2756.4,161,JEFFERSON - HENRY CO,140001,NOT AVAILABLE,https://services2.arcgis.com/FiaPA4ga0iQKduv3/arcgis/rest/services/US_Electric_Power_Transmission_Lines/FeatureServer/0
136,MTVRKYXA,KY,37.35426036,-84.3415179,1015.8,3333,,UNKNOWN109495,UNKNOWN125068,110824,AC; OVERHEAD,NOT AVAILABLE,IN SERVICE,69,UNDER 100,numeric,Y,,,,,,https://services2.arcgis.com/FiaPA4ga0iQKduv3/arcgis/rest/services/US_Electric_Power_Transmission_Lines/FeatureServer/0
137,NSVLGAXA,GA,31.20609283,-83.25133566,477.2,1566,,UNKNOWN111791,UNKNOWN111792,107000,AC; OVERHEAD,GEORGIA POWER CO,IN SERVICE,115,100-161,numeric,Y,477.2,115,,107000,GEORGIA POWER CO,https://services2.arcgis.com/FiaPA4ga0iQKduv3/arcgis/rest/services/US_Electric_Power_Transmission_Lines/FeatureServer/0
138,NEVDIAXC,IA,42.02086028,-93.45113391,5260.1,17258,,UNKNOWN132119,UNKNOWN173446,175114,AC; OVERHEAD,NOT AVAILABLE,IN SERVICE,-999999,NOT AVAILABLE,not_published,N,7122.3,161,,138435,NOT AVAILABLE,https://services2.arcgis.com/FiaPA4ga0iQKduv3/arcgis/rest/services/US_Electric_Power_Transmission_Lines/FeatureServer/0
139,NHTNIAWH,IA,43.0661262,-92.30777579,1348.4,4424,NEW HAMPTON,NEW HAMPTON,NOT AVAILABLE,108858,OVERHEAD,NOT AVAILABLE,NOT AVAILABLE,69,UNDER 100,numeric,Y,4234.6,345,PIONEER PRAIRIE PHASE I - HAZLETON,124724,MIDAMERICAN ENERGY CO,https://services2.arcgis.com/FiaPA4ga0iQKduv3/arcgis/rest/services/US_Electric_Power_Transmission_Lines/FeatureServer/0
140,NHTNIAXC,IA,43.05909211,-92.31272332,1384.6,4543,NEW HAMPTON,NEW HAMPTON,NOT AVAILABLE,108858,OVERHEAD,NOT AVAILABLE,NOT AVAILABLE,69,UNDER 100,numeric,Y,5079.5,345,PIONEER PRAIRIE PHASE I - HAZLETON,124724,MIDAMERICAN ENERGY CO,https://services2.arcgis.com/FiaPA4ga0iQKduv3/arcgis/rest/services/US_Electric_Power_Transmission_Lines/FeatureServer/0
141,NWRKOHXA,OH,40.05944853,-82.40487305,604.6,1984,,UNKNOWN112976,UNKNOWN112977,159317,OVERHEAD,OHIO POWER CO,IN SERVICE,69,UNDER 100,numeric,Y,3363.1,138,NORTH NEWARK SUBSTATION,116448,OHIO POWER CO,https://services2.arcgis.com/FiaPA4ga0iQKduv3/arcgis/rest/services/US_Electric_Power_Transmission_Lines/FeatureServer/0
142,NWRKOHXC,OH,40.0575081,-82.42718794,1579.9,5183,,UNKNOWN112977,UNKNOWN171395,173746,AC; OVERHEAD,OHIO POWER CO,IN SERVICE,69,UNDER 100,numeric,Y,3575,138,NORTH NEWARK SUBSTATION,119692,OHIO POWER CO,https://services2.arcgis.com/FiaPA4ga0iQKduv3/arcgis/rest/services/US_Electric_Power_Transmission_Lines/FeatureServer/0
143,NWRKOHXD,OH,40.01356485,-82.40461773,1691.7,5550,TAP158957,TAP158957,UNKNOWN163359,159495,OVERHEAD,NOT AVAILABLE,IN SERVICE,69,UNDER 100,numeric,Y,1692.6,138,KIRK,104867,OHIO POWER CO,https://services2.arcgis.com/FiaPA4ga0iQKduv3/arcgis/rest/services/US_Electric_Power_Transmission_Lines/FeatureServer/0
144,NWRKOHXB,OH,40.08689351,-82.42710726,648.1,2126,NORTH NEWARK SUBSTATION,UNKNOWN113882,NORTH NEWARK SUBSTATION,116448,AC; OVERHEAD,OHIO POWER CO,IN SERVICE,138,100-161,numeric,Y,648.1,138,NORTH NEWARK SUBSTATION,116448,OHIO POWER CO,https://services2.arcgis.com/FiaPA4ga0iQKduv3/arcgis/rest/services/US_Electric_Power_Transmission_Lines/FeatureServer/0
145,HETHOHXA,OH,40.04131689,-82.44171796,763.7,2506,,UNKNOWN113882,UNKNOWN158903,159321,OVERHEAD,OHIO POWER CO,IN SERVICE,69,UNDER 100,numeric,Y,2521.6,138,TAP151048,126818,OHIO POWER CO,https://services2.arcgis.com/FiaPA4ga0iQKduv3/arcgis/rest/services/US_Electric_Power_Transmission_Lines/FeatureServer/0
146,NWTNIAXC,IA,41.6983315,-93.05448565,749.6,2459,,UNKNOWN131595,UNKNOWN137653,111063,OVERHEAD,MIDAMERICAN ENERGY CO,IN SERVICE,-999999,NOT AVAILABLE,not_published,N,757.9,161,JASPER,102676,MIDAMERICAN ENERGY CO,https://services2.arcgis.com/FiaPA4ga0iQKduv3/arcgis/rest/services/US_Electric_Power_Transmission_Lines/FeatureServer/0
147,NCVLKYXA,KY,37.88067091,-84.57236611,1030.1,3380,TAP160500,UNKNOWN129158,TAP160500,164070,AC; OVERHEAD,"EAST KENTUCKY POWER COOP, INC",IN SERVICE,69,UNDER 100,numeric,Y,2980.2,138,BROWN PLANT - TAP155024,108551,NOT AVAILABLE,https://services2.arcgis.com/FiaPA4ga0iQKduv3/arcgis/rest/services/US_Electric_Power_Transmission_Lines/FeatureServer/0
148,NCNATXXA,TX,33.78899947,-97.72649831,165.3,542,,UNKNOWN301022,NOT AVAILABLE,300268,AC; OVERHEAD,ONCOR ELECTRIC DELIVERY CO.,IN SERVICE,69,UNDER 100,numeric,N,,,,,,https://services2.arcgis.com/FiaPA4ga0iQKduv3/arcgis/rest/services/US_Electric_Power_Transmission_Lines/FeatureServer/0
149,NRVLOHXA,OH,41.39099066,-82.01914082,2204.1,7231,AVON LAKE - JUNIPER,AVON LAKE,JUNIPER,121264,AC; OVERHEAD,NOT AVAILABLE,IN SERVICE,345,345,numeric,Y,2204.1,345,AVON LAKE - JUNIPER,121264,NOT AVAILABLE,https://services2.arcgis.com/FiaPA4ga0iQKduv3/arcgis/rest/services/US_Electric_Power_Transmission_Lines/FeatureServer/0
150,NRFDOHXA,OH,41.31474448,-81.53703932,889,2917,HANNA,UNKNOWN137113,HANNA,124280,AC; OVERHEAD,NOT AVAILABLE,IN SERVICE,345,345,numeric,Y,889,345,HANNA,124280,NOT AVAILABLE,https://services2.arcgis.com/FiaPA4ga0iQKduv3/arcgis/rest/services/US_Electric_Power_Transmission_Lines/FeatureServer/0
151,NRWDNCXA,NC,35.22668599,-80.12266339,1198.7,3933,TAP150528,UNKNOWN114221,TAP150528,120024,AC; OVERHEAD,NOT AVAILABLE,IN SERVICE,100,100-161,numeric,Y,1198.7,100,TAP150528,120024,NOT AVAILABLE,https://services2.arcgis.com/FiaPA4ga0iQKduv3/arcgis/rest/services/US_Electric_Power_Transmission_Lines/FeatureServer/0
152,OLHLKYXA,KY,38.30218139,-83.17029611,764.2,2507,TAP121270,TAP121270,UNKNOWN121271,141791,AC; OVERHEAD,KENTUCKY POWER CO,IN SERVICE,69,UNDER 100,numeric,Y,,,,,,https://services2.arcgis.com/FiaPA4ga0iQKduv3/arcgis/rest/services/US_Electric_Power_Transmission_Lines/FeatureServer/0
153,OWVLKYXA,KY,38.14108637,-83.76592121,393.9,1292,TAP137349,UNKNOWN121760,TAP137349,126066,AC; OVERHEAD,NOT AVAILABLE,IN SERVICE,69,UNDER 100,numeric,Y,3983.7,138,TAP137344,118311,"EAST KENTUCKY POWER COOP, INC",https://services2.arcgis.com/FiaPA4ga0iQKduv3/arcgis/rest/services/US_Electric_Power_Transmission_Lines/FeatureServer/0
154,PLNGOHXA,OH,41.13605566,-84.58159009,1047.5,3437,,UNKNOWN153927,UNKNOWN156481,173824,AC; OVERHEAD,OHIO POWER CO,IN SERVICE,-999999,NOT AVAILABLE,not_published,N,13110.3,138,HAVILAND - TIMBER SWITCH,164636,OHIO POWER CO,https://services2.arcgis.com/FiaPA4ga0iQKduv3/arcgis/rest/services/US_Electric_Power_Transmission_Lines/FeatureServer/0
155,PECSTXXB,TX,31.40444183,-103.5034902,374,1227,,UNKNOWN300467,NOT AVAILABLE,312260,AC; OVERHEAD,TEXAS-NEW MEXICO POWER CO.,IN SERVICE,46,UNDER 100,numeric,N,1134.6,138,PECOS,300753,TEXAS-NEW MEXICO POWER CO.,https://services2.arcgis.com/FiaPA4ga0iQKduv3/arcgis/rest/services/US_Electric_Power_Transmission_Lines/FeatureServer/0
156,PNSLOHXA,OH,41.2412452,-81.54544115,600.1,1969,TAP137177 - TAP137179,TAP137177,TAP137179,102171,AC; OVERHEAD,NOT AVAILABLE,IN SERVICE,138,100-161,numeric,Y,600.1,138,TAP137177 - TAP137179,102171,NOT AVAILABLE,https://services2.arcgis.com/FiaPA4ga0iQKduv3/arcgis/rest/services/US_Electric_Power_Transmission_Lines/FeatureServer/0
157,PRRYGAAI,GA,32.43581791,-83.76088926,1745.4,5726,TAP160570 - TAP176816,TAP160570,TAP176816,180291,AC; OVERHEAD,GEORGIA POWER CO,IN SERVICE,115,100-161,numeric,Y,1745.4,115,TAP160570 - TAP176816,180291,GEORGIA POWER CO,https://services2.arcgis.com/FiaPA4ga0iQKduv3/arcgis/rest/services/US_Electric_Power_Transmission_Lines/FeatureServer/0
158,PRRYGAXA,GA,32.45738195,-83.73262665,336.4,1104,PERRY - TAP160570,PERRY,TAP160570,164485,AC; OVERHEAD,GEORGIA POWER CO,IN SERVICE,115,100-161,numeric,Y,336.4,115,PERRY - TAP160570,164485,GEORGIA POWER CO,https://services2.arcgis.com/FiaPA4ga0iQKduv3/arcgis/rest/services/US_Electric_Power_Transmission_Lines/FeatureServer/0
159,PRRYOHXA,OH,41.75907565,-81.1385295,1352.8,4438,PERRY - LEROY CENTER,PERRY,LEROY CENTER,156955,AC; OVERHEAD,"AMERICAN TRANSMISSION SYSTEMS, INC.",IN SERVICE,345,345,numeric,N,1352.8,345,PERRY - LEROY CENTER,156955,"AMERICAN TRANSMISSION SYSTEMS, INC.",https://services2.arcgis.com/FiaPA4ga0iQKduv3/arcgis/rest/services/US_Electric_Power_Transmission_Lines/FeatureServer/0
160,PYTNTXXA,TX,36.39730102,-100.8037533,467.6,1534,OCHILTREE,OCHILTREE,NOT AVAILABLE,306941,AC; OVERHEAD,SOUTHWESTERN PUBLIC SERVICE CO.,IN SERVICE,115,100-161,numeric,N,467.6,115,OCHILTREE,306941,SOUTHWESTERN PUBLIC SERVICE CO.,https://services2.arcgis.com/FiaPA4ga0iQKduv3/arcgis/rest/services/US_Electric_Power_Transmission_Lines/FeatureServer/0
161,PERSIAXP,IA,41.58003601,-95.56854909,6486.1,21280,TAP159234 - TAP159236,TAP159234,TAP159236,162669,AC; OVERHEAD,MIDAMERICAN ENERGY CO,IN SERVICE,69,UNDER 100,numeric,Y,,,,,,https://services2.arcgis.com/FiaPA4ga0iQKduv3/arcgis/rest/services/US_Electric_Power_Transmission_Lines/FeatureServer/0
162,PITSGAXA,GA,31.94497002,-83.54138533,1759.5,5773,PITTS - NORTH TIFTON,PITTS,NORTH TIFTON,137096,AC; OVERHEAD,GEORGIA POWER CO,IN SERVICE,230,220-287,numeric,Y,1759.5,230,PITTS - NORTH TIFTON,137096,GEORGIA POWER CO,https://services2.arcgis.com/FiaPA4ga0iQKduv3/arcgis/rest/services/US_Electric_Power_Transmission_Lines/FeatureServer/0
163,POTEOKAY,OK,35.02079593,-94.65992454,2811.2,9223,TAP159852,TAP159852,UNKNOWN159853,162269,AC; OVERHEAD,NOT AVAILABLE,IN SERVICE,69,UNDER 100,numeric,Y,10144.1,161,TAP149548 - TAP149655,128031,NOT AVAILABLE,https://services2.arcgis.com/FiaPA4ga0iQKduv3/arcgis/rest/services/US_Electric_Power_Transmission_Lines/FeatureServer/0
164,POTEOKXA,OK,35.05218437,-94.62026295,798.4,2620,,UNKNOWN159853,UNKNOWN159854,162268,AC; OVERHEAD,NOT AVAILABLE,IN SERVICE,69,UNDER 100,numeric,Y,6970.5,161,TAP149548,130637,NOT AVAILABLE,https://services2.arcgis.com/FiaPA4ga0iQKduv3/arcgis/rest/services/US_Electric_Power_Transmission_Lines/FeatureServer/0
165,PWPNOHXA,OH,39.86595076,-80.79901046,1074.7,3526,KAMMER (138KV) - GEORGE WASHINGTON,KAMMER (138KV),GEORGE WASHINGTON,123291,AC; OVERHEAD,WHEELING POWER CO,IN SERVICE,69,UNDER 100,numeric,N,2160.3,138,KAMMER (138KV) - GEORGE WASHINGTON,127257,WHEELING POWER CO,https://services2.arcgis.com/FiaPA4ga0iQKduv3/arcgis/rest/services/US_Electric_Power_Transmission_Lines/FeatureServer/0
166,PRCLOKXA,OK,35.01133684,-97.36365886,1162.4,3814,PURCELL,UNKNOWN119290,PURCELL,161653,AC; OVERHEAD,NOT AVAILABLE,IN SERVICE,138,100-161,numeric,Y,1162.4,138,PURCELL,161653,NOT AVAILABLE,https://services2.arcgis.com/FiaPA4ga0iQKduv3/arcgis/rest/services/US_Electric_Power_Transmission_Lines/FeatureServer/0
167,QKCYOHXA,OH,39.97051805,-81.29860963,3149.7,10334,KAMMER (765KV),UNKNOWN151647,KAMMER (765KV),133972,AC; OVERHEAD,NOT AVAILABLE,IN SERVICE,765,735 AND ABOVE,numeric,N,3149.7,765,KAMMER (765KV),133972,NOT AVAILABLE,https://services2.arcgis.com/FiaPA4ga0iQKduv3/arcgis/rest/services/US_Electric_Power_Transmission_Lines/FeatureServer/0
168,RCFDOHXA,OH,41.23925717,-81.6557576,2216.4,7272,TAP137138 - WEST AKRON,TAP137138,WEST AKRON,130380,AC; OVERHEAD,NOT AVAILABLE,IN SERVICE,138,100-161,numeric,Y,2216.4,138,TAP137138 - WEST AKRON,130380,NOT AVAILABLE,https://services2.arcgis.com/FiaPA4ga0iQKduv3/arcgis/rest/services/US_Electric_Power_Transmission_Lines/FeatureServer/0
169,TRNYTXXH,TX,30.85154,-95.40012,800.5,2626,,NOT AVAILABLE,NOT AVAILABLE,313722,AC; OVERHEAD,"ENTERGY TEXAS, INC.",NOT AVAILABLE,69,UNDER 100,numeric,N,810.9,138,,304605,SAM HOUSTON ELECTRIC COOP INC,https://services2.arcgis.com/FiaPA4ga0iQKduv3/arcgis/rest/services/US_Electric_Power_Transmission_Lines/FeatureServer/0
170,GRQYNCXA,NC,35.57201075,-80.4178416,1563.9,5131,,UNKNOWN114573,UNKNOWN114701,137895,AC; OVERHEAD,"DUKE ENERGY CAROLINAS, LLC",IN SERVICE,230,220-287,numeric,Y,1563.9,230,,137895,"DUKE ENERGY CAROLINAS, LLC",https://services2.arcgis.com/FiaPA4ga0iQKduv3/arcgis/rest/services/US_Electric_Power_Transmission_Lines/FeatureServer/0
171,SYMRTXXA,TX,33.59135941,-99.26007277,325.4,1068,TAP303442,TAP303442,UNKNOWN304022,300212,AC; OVERHEAD,NOT AVAILABLE,IN SERVICE,138,100-161,numeric,N,325.4,138,TAP303442,300212,NOT AVAILABLE,https://services2.arcgis.com/FiaPA4ga0iQKduv3/arcgis/rest/services/US_Electric_Power_Transmission_Lines/FeatureServer/0
172,SHPVKYXA,KY,37.99026484,-85.71579071,1061.5,3483,TAP138391,UNKNOWN129154,TAP138391,122569,AC; OVERHEAD,NOT AVAILABLE,IN SERVICE,69,UNDER 100,numeric,Y,2550.6,161,CAMPGROUND - TAP138385,142163,NOT AVAILABLE,https://services2.arcgis.com/FiaPA4ga0iQKduv3/arcgis/rest/services/US_Electric_Power_Transmission_Lines/FeatureServer/0
173,SHRDARXA,AR,34.30650864,-92.398274,892.2,2927,POYEN - TAP149972,POYEN,TAP149972,145828,AC; OVERHEAD,ENTERGY ARKANSAS INC,IN SERVICE,115,100-161,numeric,Y,892.2,115,POYEN - TAP149972,145828,ENTERGY ARKANSAS INC,https://services2.arcgis.com/FiaPA4ga0iQKduv3/arcgis/rest/services/US_Electric_Power_Transmission_Lines/FeatureServer/0
174,SHDNKYXA,KY,37.52516367,-85.89526014,502.8,1650,TAP155030,UNKNOWN125487,TAP155030,119554,AC; OVERHEAD,KENTUCKY UTILITIES CO,IN SERVICE,69,UNDER 100,numeric,Y,11538.3,345,BROWN PLANT - HARDIN,141214,KENTUCKY UTILITIES CO,https://services2.arcgis.com/FiaPA4ga0iQKduv3/arcgis/rest/services/US_Electric_Power_Transmission_Lines/FeatureServer/0
175,STWLOKXA,OK,35.81283854,-94.6278948,39.4,129,,UNKNOWN118418,UNKNOWN118419,127349,AC; OVERHEAD,NORTHEAST OKLAHOMA ELECTRIC CO,IN SERVICE,69,UNDER 100,numeric,Y,1894.1,161,TAP149396,137547,PUBLIC SERVICE CO OF OKLAHOMA,https://services2.arcgis.com/FiaPA4ga0iQKduv3/arcgis/rest/services/US_Electric_Power_Transmission_Lines/FeatureServer/0
176,SGLDTXXE,TX,29.63625224,-95.59818132,843.9,2769,ALIEF,ALIEF,NOT AVAILABLE,306408,AC; OVERHEAD,"CENTERPOINT ENERGY HOUSTON ELECTRIC, LLC",IN SERVICE,138,100-161,numeric,N,843.9,138,ALIEF,306408,"CENTERPOINT ENERGY HOUSTON ELECTRIC, LLC",https://services2.arcgis.com/FiaPA4ga0iQKduv3/arcgis/rest/services/US_Electric_Power_Transmission_Lines/FeatureServer/0
177,SGLDTXXD,TX,29.58608167,-95.62071487,555.5,1823,IMPERIAL - TAP305071,IMPERIAL,TAP305071,306936,AC; OVERHEAD,"CENTERPOINT ENERGY HOUSTON ELECTRIC, LLC",IN SERVICE,138,100-161,numeric,N,555.5,138,IMPERIAL - TAP305071,306936,"CENTERPOINT ENERGY HOUSTON ELECTRIC, LLC",https://services2.arcgis.com/FiaPA4ga0iQKduv3/arcgis/rest/services/US_Electric_Power_Transmission_Lines/FeatureServer/0
178,SUVLGAXA,GA,34.48152029,-85.34870994,1283.7,4212,TAP149900,UNKNOWN110421,TAP149900,129537,OVERHEAD,GEORGIA POWER CO,IN SERVICE,-999999,100-161,class_band,Y,1392.8,115,,105696,GEORGIA POWER CO,https://services2.arcgis.com/FiaPA4ga0iQKduv3/arcgis/rest/services/US_Electric_Power_Transmission_Lines/FeatureServer/0
179,SWNYTXXA,TX,29.03860427,-95.69957369,2177,7142,SWEENY,SWEENY,NOT AVAILABLE,311105,AC; OVERHEAD,TEXAS-NEW MEXICO POWER CO.,IN SERVICE,138,100-161,numeric,N,2177,138,SWEENY,311105,TEXAS-NEW MEXICO POWER CO.,https://services2.arcgis.com/FiaPA4ga0iQKduv3/arcgis/rest/services/US_Electric_Power_Transmission_Lines/FeatureServer/0
180,SYVNGAXA,GA,32.75175683,-81.63322409,1059.1,3475,,UNKNOWN112376,UNKNOWN155699,156252,AC; OVERHEAD,GEORGIA POWER CO,IN SERVICE,115,100-161,numeric,Y,1059.1,115,,156252,GEORGIA POWER CO,https://services2.arcgis.com/FiaPA4ga0iQKduv3/arcgis/rest/services/US_Electric_Power_Transmission_Lines/FeatureServer/0
181,TCMSOKXB,OK,35.25843195,-96.93590907,1033.9,3392,,UNKNOWN118594,UNKNOWN119057,125350,AC; OVERHEAD,OKLAHOMA GAS & ELECTRIC CO,IN SERVICE,69,UNDER 100,numeric,Y,2056.3,138,TAP149653,131459,OKLAHOMA GAS & ELECTRIC CO,https://services2.arcgis.com/FiaPA4ga0iQKduv3/arcgis/rest/services/US_Electric_Power_Transmission_Lines/FeatureServer/0
182,THTNGAXA,GA,32.88696675,-84.3254855,1274.4,4181,,UNKNOWN115676,UNKNOWN142386,149165,AC; OVERHEAD,GEORGIA POWER CO,IN SERVICE,115,100-161,numeric,Y,1274.4,115,,149165,GEORGIA POWER CO,https://services2.arcgis.com/FiaPA4ga0iQKduv3/arcgis/rest/services/US_Electric_Power_Transmission_Lines/FeatureServer/0
183,THTNGAXB,GA,32.93343727,-84.33340179,67.3,221,,UNKNOWN115678,NOT AVAILABLE,132150,OVERHEAD,GEORGIA POWER CO,NOT AVAILABLE,-999999,NOT AVAILABLE,not_published,N,1475.2,115,,114137,GEORGIA POWER CO,https://services2.arcgis.com/FiaPA4ga0iQKduv3/arcgis/rest/services/US_Electric_Power_Transmission_Lines/FeatureServer/0
184,TPTNIAXO,IA,41.77051661,-91.12666418,334,1096,TIPTON,TIPTON,NOT AVAILABLE,148041,OVERHEAD,NOT AVAILABLE,NOT AVAILABLE,69,UNDER 100,numeric,Y,5801.4,115,EAST CALAMUS - SUTLIFF,123654,MIDAMERICAN ENERGY CO,https://services2.arcgis.com/FiaPA4ga0iQKduv3/arcgis/rest/services/US_Electric_Power_Transmission_Lines/FeatureServer/0
185,TOLDIAXO,IA,41.98152657,-92.58126562,4782.3,15690,MARSHALLTOWN,MARSHALLTOWN,UNKNOWN131065,119395,AC; OVERHEAD,NOT AVAILABLE,IN SERVICE,115,100-161,numeric,Y,4782.3,115,MARSHALLTOWN,119395,NOT AVAILABLE,https://services2.arcgis.com/FiaPA4ga0iQKduv3/arcgis/rest/services/US_Electric_Power_Transmission_Lines/FeatureServer/0
186,TRARIAXO,IA,42.19143728,-92.46705144,4717.4,15477,TRAER,TRAER,UNKNOWN137975,138452,AC; OVERHEAD,NOT AVAILABLE,IN SERVICE,161,100-161,numeric,Y,4717.4,161,TRAER,138452,NOT AVAILABLE,https://services2.arcgis.com/FiaPA4ga0iQKduv3/arcgis/rest/services/US_Electric_Power_Transmission_Lines/FeatureServer/0
187,TRINGAXA,GA,34.54083387,-85.31313762,438.3,1438,,UNKNOWN110420,UNKNOWN110422,116780,AC; OVERHEAD,GEORGIA POWER CO,IN SERVICE,115,100-161,numeric,Y,438.3,115,,116780,GEORGIA POWER CO,https://services2.arcgis.com/FiaPA4ga0iQKduv3/arcgis/rest/services/US_Electric_Power_Transmission_Lines/FeatureServer/0
188,BRAROKXB,OK,36.05757179,-95.86901062,434.3,1425,TAP168566,UNKNOWN119550,TAP168566,169948,AC; OVERHEAD,PUBLIC SERVICE CO OF OKLAHOMA,IN SERVICE,138,100-161,numeric,Y,434.3,138,TAP168566,169948,PUBLIC SERVICE CO OF OKLAHOMA,https://services2.arcgis.com/FiaPA4ga0iQKduv3/arcgis/rest/services/US_Electric_Power_Transmission_Lines/FeatureServer/0
189,TWBGOHIR,OH,41.31124912,-81.44234445,423.1,1388,CASE - TWINSBURG,CASE,TWINSBURG,122195,OVERHEAD,NOT AVAILABLE,IN SERVICE,-999999,NOT AVAILABLE,not_published,N,974,345,JUNIPER - HANNA,114362,"AMERICAN TRANSMISSION SYSTEMS, INC.",https://services2.arcgis.com/FiaPA4ga0iQKduv3/arcgis/rest/services/US_Electric_Power_Transmission_Lines/FeatureServer/0
190,TWBGOHXA,OH,41.31113087,-81.44232343,410.9,1348,CASE - TWINSBURG,CASE,TWINSBURG,122195,OVERHEAD,NOT AVAILABLE,IN SERVICE,-999999,NOT AVAILABLE,not_published,N,987.2,345,JUNIPER - HANNA,114362,"AMERICAN TRANSMISSION SYSTEMS, INC.",https://services2.arcgis.com/FiaPA4ga0iQKduv3/arcgis/rest/services/US_Electric_Power_Transmission_Lines/FeatureServer/0
191,VNBGKYXA,KY,38.594108,-83.321195,2469.8,8103,JEFFERSON - HANGING ROCK,JEFFERSON,HANGING ROCK,114236,AC; OVERHEAD,NOT AVAILABLE,IN SERVICE,765,735 AND ABOVE,numeric,Y,2469.8,765,JEFFERSON - HANGING ROCK,114236,NOT AVAILABLE,https://services2.arcgis.com/FiaPA4ga0iQKduv3/arcgis/rest/services/US_Electric_Power_Transmission_Lines/FeatureServer/0
192,VIANOK05,OK,35.49846823,-94.9714586,512.6,1682,TAP159661,UNKNOWN119087,TAP159661,161624,AC; OVERHEAD,OKLAHOMA GAS & ELECTRIC CO,IN SERVICE,69,UNDER 100,numeric,Y,1873.9,161,WEBBERS FALLS,137566,SOUTHWESTERN POWER ADMINISTRATION,https://services2.arcgis.com/FiaPA4ga0iQKduv3/arcgis/rest/services/US_Electric_Power_Transmission_Lines/FeatureServer/0
193,VILNARXA,AR,35.08314626,-92.21134577,3068.5,10067,,UNKNOWN121600,UNKNOWN121601,140405,AC; OVERHEAD,ENTERGY ARKANSAS INC,IN SERVICE,161,100-161,numeric,Y,3068.5,161,,140405,ENTERGY ARKANSAS INC,https://services2.arcgis.com/FiaPA4ga0iQKduv3/arcgis/rest/services/US_Electric_Power_Transmission_Lines/FeatureServer/0
194,WGNROKXD,OK,35.958977,-95.367577,410.8,1348,TAP159676,UNKNOWN119008,TAP159676,161641,AC; OVERHEAD,PUBLIC SERVICE CO OF OKLAHOMA,IN SERVICE,69,UNDER 100,numeric,Y,1648.8,138,TAP149257 - TAP149258,138806,PUBLIC SERVICE CO OF OKLAHOMA,https://services2.arcgis.com/FiaPA4ga0iQKduv3/arcgis/rest/services/US_Electric_Power_Transmission_Lines/FeatureServer/0
195,WASHIAXO,IA,41.30011653,-91.68968059,9067.5,29749,TAP140530 - SUB T,TAP140530,SUB T,126581,AC; OVERHEAD,NOT AVAILABLE,IN SERVICE,345,345,numeric,N,9067.5,345,TAP140530 - SUB T,126581,NOT AVAILABLE,https://services2.arcgis.com/FiaPA4ga0iQKduv3/arcgis/rest/services/US_Electric_Power_Transmission_Lines/FeatureServer/0
196,WFRKARXA,AR,35.92368257,-94.18933659,5349.5,17551,GREENLAND - TAP149406,GREENLAND,TAP149406,101377,AC; OVERHEAD,SOUTHWESTERN ELECTRIC POWER CO,IN SERVICE,69,UNDER 100,numeric,Y,13821.3,161,WESTSIDE WASTEWATER TREATMENT PLANT - FAYETTEVILLE SOUTH,112897,SOUTHWESTERN ELECTRIC POWER CO,https://services2.arcgis.com/FiaPA4ga0iQKduv3/arcgis/rest/services/US_Electric_Power_Transmission_Lines/FeatureServer/0
197,WLBGIAXO,IA,41.66044645,-92.00825998,6883.3,22583,MONTEZUMA SWITCHING STATION - HILLS,MONTEZUMA SWITCHING STATION,HILLS,131905,AC; OVERHEAD,MIDAMERICAN ENERGY CO,IN SERVICE,345,345,numeric,N,6883.3,345,MONTEZUMA SWITCHING STATION - HILLS,131905,MIDAMERICAN ENERGY CO,https://services2.arcgis.com/FiaPA4ga0iQKduv3/arcgis/rest/services/US_Electric_Power_Transmission_Lines/FeatureServer/0
198,WNDRGAXA,GA,33.99464785,-83.72118785,2240.1,7350,WINDER,UNKNOWN111503,WINDER,146341,AC; OVERHEAD,GEORGIA POWER CO,IN SERVICE,230,220-287,numeric,Y,2240.1,230,WINDER,146341,GEORGIA POWER CO,https://services2.arcgis.com/FiaPA4ga0iQKduv3/arcgis/rest/services/US_Electric_Power_Transmission_Lines/FeatureServer/0
199,ASHTOHXA,OH,41.86554916,-80.78344219,1718.1,5637,TAP136893 - PERRY,TAP136893,PERRY,103658,AC; OVERHEAD,"AMERICAN TRANSMISSION SYSTEMS, INC.",IN SERVICE,345,345,numeric,N,1718.1,345,TAP136893 - PERRY,103658,"AMERICAN TRANSMISSION SYSTEMS, INC.",https://services2.arcgis.com/FiaPA4ga0iQKduv3/arcgis/rest/services/US_Electric_Power_Transmission_Lines/FeatureServer/0
200,ZNTNKYXA,KY,38.0672,-85.66875,1398.7,4589,MIDDLETOWN 345 KV,UNKNOWN129145,MIDDLETOWN 345 KV,106915,AC; OVERHEAD,NOT AVAILABLE,IN SERVICE,345,345,numeric,Y,1398.7,345,MIDDLETOWN 345 KV,106915,NOT AVAILABLE,https://services2.arcgis.com/FiaPA4ga0iQKduv3/arcgis/rest/services/US_Electric_Power_Transmission_Lines/FeatureServer/0
