site_id,lat,lng,name,address,apn,acres_stated,state,county,group,notes,asset_type,city,land_ownership,primary_use,rack_count,tx_nearest_m,tx_nearest_ft,tx_voltage_kv,tx_volt_class,tx_voltage_basis,tx_line_name,tx_line_id,tx_owner,tx_type,tx_status,tx_attrs_inferred,tx_100kv_nearest_m,tx_100kv_voltage_kv,tx_100kv_line_name,tx_100kv_line_id,tx_100kv_owner
ABRDNCXA,35.13471956,-79.4267825499999,WNS1899,211 North Poplar Street,,,NC,,Interesting,,Building,Aberdeen,Owned,Central Office,27,1524.4,5001,,UNDER 100,class_band,TAP147638 - TAP147639,142698,PROGRESS ENERGY CAROLINAS INC,OVERHEAD,IN SERVICE,Y,13296.6,230.0,TAP147619 - WEST END,124218,PROGRESS ENERGY CAROLINAS INC
ADELGAXA,31.13789183,-83.4224465199999,WNS1464,106 North Parrish Avenue,,,GA,,Other,,Building,Adel,Owned,Central Office,27,603.3,1979,,NOT AVAILABLE,not_published,,120960,GEORGIA POWER CO,OVERHEAD,IN SERVICE,N,625.4,115.0,TAP142751,132212,GEORGIA POWER CO
ANWOIAXO,41.2891466499999,-91.5551446799999,WNS0433,240 5th Street,,,IA,,Other,,Building,Ainsworth,Owned,Central Office,8,1031.0,3382,345.0,345,numeric,TAP140530 - SUB T,126581,NOT AVAILABLE,AC; OVERHEAD,IN SERVICE,N,1031.0,345.0,TAP140530 - SUB T,126581,NOT AVAILABLE
ALCHFL01,29.80235134,-82.49220798,WNS1425,13715 West County Road 235,,,FL,,Other,,Building,Alachua,Owned,Central Office,4,2709.7,8890,69.0,UNDER 100,numeric,TAP150494 - ALACHUA,110523,NOT AVAILABLE,AC; OVERHEAD,IN SERVICE,Y,4760.0,138.0,GE ALACHUA - TAP151115,100404,NOT AVAILABLE
ALCHFLAJ,29.78938708,-82.4958955799999,,14600 Main Street,,,FL,,Other,,Building,Alachua,Owned,Central Office,#N/A,1260.6,4136,69.0,UNDER 100,numeric,TAP143289 - ALACHUA,129592,NOT AVAILABLE,AC; OVERHEAD,IN SERVICE,Y,3971.7,138.0,GE ALACHUA - TAP151115,100404,NOT AVAILABLE
ALCHFLXA,29.7894,-82.4962,WNS1426,14600 Main St,,,FL,,Other,,Building,Alachua,Owned,Central Office,32,1260.6,4136,69.0,UNDER 100,numeric,TAP143289 - ALACHUA,129592,NOT AVAILABLE,AC; OVERHEAD,IN SERVICE,Y,3983.9,138.0,GE ALACHUA - TAP151115,100404,NOT AVAILABLE
ALBYKYXA,36.6930220799999,-85.13449812,WNS1699,400 N Washington,,,KY,,Other,,Building,Albany,Owned,Central Office,38,477.5,1567,69.0,UNDER 100,numeric,,102992,"EAST KENTUCKY POWER COOP, INC",AC; OVERHEAD,IN SERVICE,Y,6621.7,161.0,TAP155474,139950,"EAST KENTUCKY POWER COOP, INC"
ALBMNCXA,35.3540421499999,-80.19909173,WNS1901,250 North 1st Street,,,NC,,Interesting,,Building,Albemarle,Owned,Central Office,55,455.0,1493,100.0,100-161,numeric,TAP150528,112388,NOT AVAILABLE,AC; OVERHEAD,IN SERVICE,Y,455.0,100.0,TAP150528,112388,NOT AVAILABLE
ALBIIAXO,41.0259585599999,-92.80564617,WNS0435,202 Washington Avenue E,,,IA,,Other,,Building,Albia,Owned,Central Office,13,4412.7,14477,161.0,100-161,numeric,LUCAS CO - OTTUMWA GENERATION STATION,106824,MIDAMERICAN ENERGY CO,AC; OVERHEAD,IN SERVICE,Y,4412.7,161.0,LUCAS CO - OTTUMWA GENERATION STATION,106824,MIDAMERICAN ENERGY CO
ANDRTXXA,32.31761412,-102.5477171,WNS2514,112 Southwest 1st,,,TX,,Other,,Building,Andrews,Owned,Central Office,46,2515.9,8254,138.0,100-161,numeric,TAP301929,308138,ONCOR ELECTRIC DELIVERY CO.,AC; OVERHEAD,IN SERVICE,N,2515.9,138.0,TAP301929,308138,ONCOR ELECTRIC DELIVERY CO.
ASLDKYXA,38.4758,-82.64385,WNS1701,619 15th Street,,,KY,,Interesting,,Building,Ashland,Owned,Central Office,232,693.0,2274,69.0,UNDER 100,numeric,BELLEFONTE,157481,KENTUCKY POWER CO,AC; OVERHEAD,IN SERVICE,Y,2285.2,138.0,BELLEFONTE - NORTH PROCTORVILLE SUBSTATION,150356,NOT AVAILABLE
MEDSKYXA,38.4096499699999,-82.71303235,WNS1703,9216 Highway 60,,,KY,,Interesting,,Building,Ashland,Owned,Central Office,76,905.4,2970,69.0,UNDER 100,numeric,BELLEFONTE - PRINCESS,105204,KENTUCKY POWER CO,AC; OVERHEAD,IN SERVICE,Y,1930.5,765.0,BAKER - HANGING ROCK,109099,NOT AVAILABLE
ADBNIAXO,41.72127167,-94.9293833299999,WNS1601,620 LEROY,,,IA,,Other,,Building,Audubon,Owned,Central Office,30,1482.3,4863,69.0,UNDER 100,numeric,,169313,NOT AVAILABLE,AC; OVERHEAD,IN SERVICE,Y,14423.2,161.0,EXIRA,144694,NOT AVAILABLE
AURROHXA,41.31715803,-81.3465993899999,WNS2239,27 East  Garfield Road,,,OH,,Other,,Building,Aurora,Owned,Central Office,70,1093.5,3588,,NOT AVAILABLE,not_published,CASE - AURORA,110477,NOT AVAILABLE,OVERHEAD,IN SERVICE,N,3804.2,345.0,JUNIPER - HANNA,114362,"AMERICAN TRANSMISSION SYSTEMS, INC."
BNBGOHXA,41.3856989499999,-81.34062923,WNS1052,8425 Baindridge Road,,,OH,,Interesting,,Building,Bainbridge,Owned,Central Office,64,3863.8,12677,345.0,345,numeric,LEROY CENTER,158468,"AMERICAN TRANSMISSION SYSTEMS, INC.",AC; OVERHEAD,IN SERVICE,N,3863.8,345.0,LEROY CENTER,158468,"AMERICAN TRANSMISSION SYSTEMS, INC."
CRNLGA01,34.4972084699999,-83.54997767,WNS0048,2000 Communications Boulevard,,,GA,,Interesting,,Building,Baldwin,Owned,Central Office,11,169.0,554,115.0,100-161,numeric,TAP153139,128010,GEORGIA POWER CO,AC; OVERHEAD,IN SERVICE,Y,169.0,115.0,TAP153139,128010,GEORGIA POWER CO
BBVLKYXA,36.86533403,-83.88827335,WNS1705,207 South Main Street,,,KY,,Other,,Building,Barbourville,Owned,Central Office,28,1120.3,3676,,100-161,class_band,,141842,BARBOURVILLE UTILITY COMM,OVERHEAD,IN SERVICE,Y,2876.9,161.0,TAP155041,117373,NOT AVAILABLE
FRVWOHXA,40.0594973999999,-81.22041851,WNS2241,32699 Old National Road,,,OH,,Interesting,,Building,Barnesville,Owned,Central Office,28,8973.4,29440,138.0,100-161,numeric,SPEIDEL - BARNESVILLE,166848,OHIO POWER CO,AC; OVERHEAD,UNDER CONSTRUCTION,Y,8973.4,138.0,SPEIDEL - BARNESVILLE,166848,OHIO POWER CO
BEREKYXA,37.57334353,-84.2857390799999,WNS1709,310 Center Street,,,KY,,Other,,Building,Berea,Owned,Central Office,90,517.7,1698,69.0,UNDER 100,numeric,TAP155090,110267,NOT AVAILABLE,AC; OVERHEAD,IN SERVICE,Y,4214.9,138.0,,139609,NOT AVAILABLE
SHBGKYAB,38.2426062099999,-83.87447858,,160 Old Highway 11,,,KY,,Other,,Building,BETHEL,Owned,Central Office,3,8150.7,26741,345.0,345,numeric,,137336,"EAST KENTUCKY POWER COOP, INC",AC; OVERHEAD,IN SERVICE,Y,8150.7,345.0,,137336,"EAST KENTUCKY POWER COOP, INC"
BLVIGABW,34.8640250999999,-83.9848088499999,WNS3282,40 River Road Connector,,,GA,,Interesting,,Building,Blairsville,Owned,Central Office,2,1920.1,6300,161.0,100-161,numeric,YOUNGCANE - BLAIRSVILLE,140846,TENNESSEE VALLEY AUTHORITY,AC; OVERHEAD,IN SERVICE,N,1920.1,161.0,YOUNGCANE - BLAIRSVILLE,140846,TENNESSEE VALLEY AUTHORITY
BLKLGAXA,31.3825399999999,-84.957519,WNS0261,15166 River St,,,GA,,Other,,Building,Blakely,Owned,Central Office,35,3512.7,11525,115.0,100-161,numeric,,135585,GEORGIA POWER CO,AC; OVERHEAD,IN SERVICE,Y,3512.7,115.0,,135585,GEORGIA POWER CO
BRFRFLXA,29.96008262,-82.9279976299999,,108 Drane St Nw| Branford| FL| 32008,,,FL,,Other,,Building,Branford,Owned,Central Office,20,4254.5,13958,69.0,UNDER 100,numeric,FORT WHITE,125356,"DUKE ENERGY FLORIDA, LLC",AC; OVERHEAD,IN SERVICE,N,10809.3,230.0,FORT WHITE,112825,"DUKE ENERGY FLORIDA, LLC"
BRHDKYXA,37.3416834599999,-84.44990833,,4297 Highway 70,,,KY,,Other,,Building,BRODHEAD,Owned,Central Office,14,2484.0,8150,69.0,UNDER 100,numeric,TAP155074,103401,"EAST KENTUCKY POWER COOP, INC",AC; OVERHEAD,IN SERVICE,Y,13147.4,345.0,BROWN PLANT,124041,NOT AVAILABLE
BRAROKXA,36.0526137,-95.7918259599999,WNS2324,114 West Broadway,,,OK,,Other,,Building,Broken Arrow,Owned,Central Office,150,1312.2,4305,138.0,100-161,numeric,,114979,PUBLIC SERVICE CO OF OKLAHOMA,AC; OVERHEAD,IN SERVICE,Y,1312.2,138.0,,114979,PUBLIC SERVICE CO OF OKLAHOMA
BRAROKXC,35.99867768,-95.7968520799999,WNS2325,5301 South Elm Place W,,,OK,,Other,,Building,Broken Arrow,Owned,Central Office,109,679.4,2229,138.0,100-161,numeric,TAP149292,109171,PUBLIC SERVICE CO OF OKLAHOMA,AC; OVERHEAD,IN SERVICE,Y,679.4,138.0,TAP149292,109171,PUBLIC SERVICE CO OF OKLAHOMA
BRAROKXD,36.0896024099999,-95.7905582,WNS2327,201 East Omaha Street,,,OK,,Other,,Building,Broken Arrow,Owned,Central Office,106,197.9,649,138.0,100-161,numeric,TAP149299,139395,PUBLIC SERVICE CO OF OKLAHOMA,AC; OVERHEAD,IN SERVICE,Y,197.9,138.0,TAP149299,139395,PUBLIC SERVICE CO OF OKLAHOMA
BRAROKXE,36.0615241599999,-95.68429788,WNS2326,1025 North 84th Street,,,OK,,Other,,Building,Broken Arrow,Owned,Central Office,38,240.9,790,345.0,345,numeric,ONETA - NORTHEASTERN (345KV),145549,PUBLIC SERVICE CO OF OKLAHOMA,AC; OVERHEAD,IN SERVICE,N,240.9,345.0,ONETA - NORTHEASTERN (345KV),145549,PUBLIC SERVICE CO OF OKLAHOMA
BKVLKYXA,38.6825019999999,-84.067487,WNS1712,202 Madison St,,,KY,,Other,,Building,Brooksville,Owned,Central Office,16,2136.8,7011,,NOT AVAILABLE,not_published,,156601,NOT AVAILABLE,OVERHEAD,IN SERVICE,N,4827.1,138.0,TAP137345,133681,NOT AVAILABLE
BWFDTXXA,33.1772204099999,-102.274424499999,,101 East Tate,,,TX,,Other,,Building,Brownfield,Owned,Central Office,93,1607.4,5273,69.0,UNDER 100,numeric,GOODPASTURE - BROWNFIELD SWITCHING,300139,NOT AVAILABLE,AC; OVERHEAD,IN SERVICE,N,11148.1,345.0,TUCO,400314,XCEL ENERGY
BRSDKYXA,36.98978863,-84.5993733199999,WNS1715,53 E French Ave 03,,,KY,,Other,,Building,BURNSIDE,Owned,Central Office,41,676.1,2218,69.0,UNDER 100,numeric,TAP155086,101725,NOT AVAILABLE,AC; OVERHEAD,IN SERVICE,Y,1133.9,161.0,COOPER,132353,"EAST KENTUCKY POWER COOP, INC"
CAIRGAXA,30.8785318,-84.2089730499999,WNS1480,48 2nd Avenue,,,GA,,Other,,Building,Cairo,Owned,Central Office,37,215.0,705,,100-161,class_band,,130306,GEORGIA POWER CO,OVERHEAD,IN SERVICE,Y,3046.3,115.0,TAP143132,141457,GEORGIA POWER CO
CLHNFLXA,30.56435631,-81.8314212899999,WNS1430,45403 Green Avenue,,,FL,,Other,,Building,Callahan,Owned,Central Office,44,1072.6,3519,230.0,220-287,numeric,YULEE,134032,FLORIDA POWER & LIGHT CO,AC; OVERHEAD,IN SERVICE,N,1072.6,230.0,YULEE,134032,FLORIDA POWER & LIGHT CO
CMVLKYXA,37.342599,-85.3439159999999,WNS1718,303 E Broadway,,,KY,,Other,,Building,Campbellsville,Owned,Central Office,85,624.4,2049,69.0,UNDER 100,numeric,TAP155483,107911,KENTUCKY UTILITIES CO,AC; OVERHEAD,IN SERVICE,Y,2703.6,161.0,TAP160471,163556,NOT AVAILABLE
CNTNGAXA,34.23610953,-84.4906549899999,WNS1482,190 South Church Street,,,GA,,Interesting,,Building,Canton,Owned,Central Office,81,513.3,1684,115.0,100-161,numeric,,174802,GEORGIA POWER CO,AC; OVERHEAD,IN SERVICE,Y,513.3,115.0,,174802,GEORGIA POWER CO
CECLOHXA,41.2181456499999,-84.6021258899999,WNS2243,105 North Main Street,,,OH,,Other,,Building,CECIL,Owned,Central Office,5,801.9,2631,,NOT AVAILABLE,not_published,TAP173568,173825,OHIO POWER CO,AC; OVERHEAD,IN SERVICE,N,9538.9,138.0,SOUTH HICKSVILLE - LOCKWOOD RD,146106,OHIO POWER CO
CNVLIAXO,40.7322668999999,-92.8761186699999,WNS0461,236 West Maple Street,,,IA,,Other,,Building,Centerville,Owned,Central Office,19,1664.1,5460,69.0,UNDER 100,numeric,CENTERVILLE,123853,NOT AVAILABLE,OVERHEAD,NOT AVAILABLE,Y,,,,,
CNVLGAXA,32.6234985899999,-83.6879990999999,WNS1487,109 Gunn Road,,,GA,,Other,,Building,Centerville,Owned,Central Office,23,181.9,597,115.0,100-161,numeric,TAP143049 - TAP169139,170769,GEORGIA POWER CO,AC; OVERHEAD,IN SERVICE,Y,181.9,115.0,TAP143049 - TAP169139,170769,GEORGIA POWER CO
CHRDOHXA,41.5812845399999,-81.2021328499999,WNS2244,205 South Hambden Street,,,OH,,Interesting,,Building,Chardon,Owned,Central Office,100,1079.9,3543,138.0,100-161,numeric,TAP148482,113231,NOT AVAILABLE,AC; OVERHEAD,IN SERVICE,Y,1079.9,138.0,TAP148482,113231,NOT AVAILABLE
CHRTIAXC,41.0162491099999,-93.30642589,WNS1606,220 North Grand Chariton,,,IA,,Other,,Building,Chariton,Owned,Central Office,32,416.4,1366,69.0,UNDER 100,numeric,LUCAS CO,160856,NOT AVAILABLE,AC; OVERHEAD,IN SERVICE,Y,3672.9,161.0,LUCAS CO - OTTUMWA GENERATION STATION,106824,MIDAMERICAN ENERGY CO
CHWOGAXA,34.76833751,-84.76820927,WNS1488,220 North 2nd Avenue,,,GA,,Interesting,,Building,Chatsworth,Owned,Central Office,40,1262.0,4140,115.0,100-161,numeric,TAP176873,179176,GEORGIA POWER CO,AC; OVERHEAD,IN SERVICE,Y,1262.0,115.0,TAP176873,179176,GEORGIA POWER CO
CHTHOKXD,35.47096122,-95.52363062,,115 Northwest 1st Street,,,OK,,Other,,Building,Checotah,Owned,Central Office,21,1393.1,4571,69.0,UNDER 100,numeric,,143858,NOT AVAILABLE,AC; OVERHEAD,IN SERVICE,Y,3737.9,138.0,,104741,SOUTHWESTERN POWER ADMINISTRATION
CHGVNCXA,35.55692203,-80.59588229,WNS1906,1525 South Main Street,,,NC,,Interesting,,Building,China Grove,Owned,Central Office,38,224.8,738,100.0,100-161,numeric,,150814,"DUKE ENERGY CAROLINAS, LLC",AC; OVERHEAD,IN SERVICE,Y,224.8,100.0,,150814,"DUKE ENERGY CAROLINAS, LLC"
CLRDIAXT,40.7405471699999,-95.03873151,WNS1607,115 West Chestnut Street,,,IA,,Other,,Building,Clarinda,Owned,Central Office,24,1496.9,4911,69.0,UNDER 100,numeric,,169418,MIDAMERICAN ENERGY CO,AC; OVERHEAD,IN SERVICE,Y,2248.6,161.0,,139394,MIDAMERICAN ENERGY CO
CLVLGAXA,34.61483837,-83.52435581,WNS1489,390 Jefferson Street,,,GA,,Interesting,,Building,Clarkesville,Owned,Central Office,25,492.3,1615,,NOT AVAILABLE,not_published,TAP173810,175822,GEORGIA POWER CO,OVERHEAD,NOT AVAILABLE,N,3606.6,115.0,,140122,GEORGIA POWER CO
CLEVGAXA,34.59702662,-83.7661271599999,WNS1491,158 West Kytle Street,,,GA,,Interesting,,Building,Cleveland,Owned,Central Office,124,721.9,2368,,NOT AVAILABLE,not_published,,104832,GEORGIA POWER CO,OVERHEAD,IN SERVICE,N,13472.2,115.0,TAP151228,116778,GEORGIA POWER CO
CLSTOHXA,41.3129062399999,-81.9161510299999,WNS2248,25038 Royalton Road,,,OH,,Other,,Building,Columbia Station,Owned,Central Office,24,3162.1,10374,345.0,345,numeric,AVON LAKE - JUNIPER,121264,NOT AVAILABLE,AC; OVERHEAD,IN SERVICE,Y,3162.1,345.0,AVON LAKE - JUNIPER,121264,NOT AVAILABLE
CLJTIAWH,41.28189291,-91.38120865,WNS3288,326 Hilltop Drive,,,IA,,Other,,Building,Columbus Junction,Owned,Central Office,2,3126.2,10257,345.0,345,numeric,SUB T - LOUISA,133145,MIDAMERICAN ENERGY CO,AC; OVERHEAD,IN SERVICE,N,3126.2,345.0,SUB T - LOUISA,133145,MIDAMERICAN ENERGY CO
CMRCGAXA,34.2039764199999,-83.4594712199999,WNS1495,45 Georgia Avenue,,,GA,,Interesting,,Building,Commerce,Owned,Central Office,128,1024.4,3361,115.0,100-161,numeric,,158028,GEORGIA POWER CO,AC; OVERHEAD,IN SERVICE,Y,1024.4,115.0,,158028,GEORGIA POWER CO
CLDGTXXA,31.75403928,-96.64933392,WNS2557,102 S Second,,,TX,,Other,,Building,Coolidge,Owned,Central Office,23,1455.9,4777,69.0,UNDER 100,numeric,,302299,ONCOR ELECTRIC DELIVERY CO.,AC; OVERHEAD,IN SERVICE,N,8105.3,138.0,,300787,ONCOR ELECTRIC DELIVERY CO.
CRNLGAXA,34.5145162099999,-83.52818003,WNS3179,350 North Main Street,,,GA,,Interesting,,Building,Cornelia,Owned,Central Office,77,1438.5,4719,115.0,100-161,numeric,TAP153139,128010,GEORGIA POWER CO,AC; OVERHEAD,IN SERVICE,Y,1438.5,115.0,TAP153139,128010,GEORGIA POWER CO
COWTOKXB,35.95075827,-95.6516158099999,WNS2335,124 West Sycamore Street,,,OK,,Other,,Building,Coweta,Owned,Central Office,49,1461.1,4794,345.0,345,numeric,ONETA - CLARKSVILLE,116139,PUBLIC SERVICE CO OF OKLAHOMA,AC; OVERHEAD,IN SERVICE,N,1461.1,345.0,ONETA - CLARKSVILLE,116139,PUBLIC SERVICE CO OF OKLAHOMA
CRESIAXO,43.37396074,-92.1173488499999,WNS1610,118 2nd Avenue W,,,IA,,Other,,Building,Cresco,Owned,Central Office,20,186.9,613,,NOT AVAILABLE,not_published,DEADEND172586,169703,NOT AVAILABLE,OVERHEAD,IN SERVICE,N,,,,,
CETNIAXC,41.0581730099999,-94.36359446,WNS0057,117 North Elm Street,,,IA,,Other,,Building,Creston,Owned,Central Office,24,2980.5,9778,161.0,100-161,numeric,CRESTON,102969,WAPA-- WESTERN AREA POWER ADMINISTRATION,AC; OVERHEAD,IN SERVICE,Y,2980.5,161.0,CRESTON,102969,WAPA-- WESTERN AREA POWER ADMINISTRATION
CRSTARXA,33.1282574299999,-91.96229117,WNS1356,104 West 6th Avenue,,,AR,,Other,,Building,Crossett,Owned,Central Office,36,1262.1,4141,115.0,100-161,numeric,,149369,ENTERGY ARKANSAS INC,AC; OVERHEAD,IN SERVICE,Y,1262.1,115.0,,149369,ENTERGY ARKANSAS INC
CMLDKYXA,36.9772090299999,-82.99018402,WNS1724,309 Main Street,,,KY,,Other,,Building,Cumberland,Owned,Central Office,26,571.5,1875,,100-161,class_band,TAP160520,164108,KENTUCKY UTILITIES CO,OVERHEAD,IN SERVICE,Y,2007.2,161.0,ARNOLD - TAP154618,144519,NOT AVAILABLE
DHLNGAXA,34.53542378,-83.98251372,WNS1498,200 Boyd Circle,,,GA,,Interesting,,Building,Dahlonega,Owned,Central Office,50,747.0,2451,,100-161,class_band,TAP155238,146268,GEORGIA POWER CO,OVERHEAD,IN SERVICE,Y,1799.4,115.0,TAP155196,112608,GEORGIA POWER CO
DLRKARXA,34.03811246,-92.88737906,WNS1358,13 Dallas 311,,,AR,,Other,,Building,Dalark,Leased/Easement,Central Office,6,2465.1,8088,115.0,100-161,numeric,,145131,ENTERGY ARKANSAS INC,AC; OVERHEAD,IN SERVICE,Y,2465.1,115.0,,145131,ENTERGY ARKANSAS INC
DLHRTXXA,36.0601455099999,-102.5215033,WNS2567,601 Denver Avenue,,,TX,,Other,,Building,Dalhart,Owned,Central Office,20,765.6,2512,69.0,UNDER 100,numeric,TAP303669,309931,SOUTHWESTERN PUBLIC SERVICE CO,AC; OVERHEAD,IN SERVICE,N,836.2,138.0,DALLAM,310668,SOUTHWESTERN PUBLIC SERVICE CO.
DLTNGAXD,34.6750547199999,-84.9663878399999,WNS1500,350 Cross Plains Blvd,,,GA,,Interesting,,Building,Dalton,Owned,Central Office,18,212.8,698,115.0,100-161,numeric,TAP145943 - TAP173382,167560,GEORGIA POWER CO,AC; OVERHEAD,IN SERVICE,Y,212.8,115.0,TAP145943 - TAP173382,167560,GEORGIA POWER CO
DWSNGAXA,31.7742450299999,-84.4456435299999,WNS1504,163 Stonewall Street NE,,,GA,,Other,,Building,Dawson,Owned,Central Office,35,726.7,2384,115.0,100-161,numeric,,179240,GEORGIA POWER CO,AC; OVERHEAD,IN SERVICE,Y,726.7,115.0,,179240,GEORGIA POWER CO
DELTOHXA,41.5749082299999,-84.0076585099999,WNS2259,201 Monroe Street,,,OH,,Other,,Building,Delta,Owned,Central Office,26,1178.2,3865,,NOT AVAILABLE,not_published,,173698,NOT AVAILABLE,AC; OVERHEAD,IN SERVICE,N,2527.1,345.0,,105659,"AMERICAN TRANSMISSION SYSTEMS, INC."
DMMTTXXA,34.5517060099999,-102.311284299999,WNS2575,113 Northeast 2nd Street,,,TX,,Other,,Building,Dimmitt,Owned,Central Office,28,503.4,1652,138.0,100-161,numeric,,300011,NOT AVAILABLE,AC; OVERHEAD,IN SERVICE,N,503.4,138.0,,300011,NOT AVAILABLE
DNVLGAXA,31.0413469699999,-84.8845435,WNS1509,202 Knox Street,,,GA,,Other,,Building,Donalsonville,Owned,Central Office,30,40.1,132,115.0,100-161,numeric,,100832,GEORGIA POWER CO,AC; OVERHEAD,IN SERVICE,Y,40.1,115.0,,100832,GEORGIA POWER CO
DNSNIAXO,40.6428221999999,-91.56532493,WNS0481,517 Elm Street,,,IA,,Other,,Building,Donnellson,Owned,Central Office,21,6815.9,22362,69.0,UNDER 100,numeric,TAP159141,160544,NOT AVAILABLE,AC; OVERHEAD,IN SERVICE,Y,6856.4,345.0,TAP140530 - SUB T,126581,NOT AVAILABLE
DUMSTXXA,35.85904172,-101.974124399999,WNS2579,116 West 7th Street,,,TX,,Other,,Building,Dumas,Owned,Central Office,74,925.7,3037,69.0,UNDER 100,numeric,DUMAS 19TH STREET,313684,SOUTHWESTERN PUBLIC SERVICE CO.,AC; OVERHEAD,IN SERVICE,N,2252.8,115.0,DUMAS 19TH STREET,311508,SOUTHWESTERN PUBLIC SERVICE CO
DYVLIAXO,42.4840607399999,-91.1230571899999,WNS1624,116 2nd Street,,,IA,,Other,,Building,Dyersville,Owned,Central Office,26,968.4,3177,69.0,UNDER 100,numeric,,160587,NOT AVAILABLE,AC; OVERHEAD,IN SERVICE,Y,6659.3,161.0,DUNDEE - HICKORY CREEK,120017,NOT AVAILABLE
EDWDIAXO,42.6451855999999,-91.40056771,,105 E MAIN,,,IA,,Other,,Building,Edgewood,Owned,Central Office,4,7016.1,23019,,NOT AVAILABLE,not_published,ELK WIND FARM,143054,NOT AVAILABLE,OVERHEAD,NOT AVAILABLE,N,10102.2,345.0,SALEM - HAZLETON,158094,MIDAMERICAN ENERGY CO
ELYROHXA,41.36574092,-82.1099927799999,WNS2262,363 3rd Street,,,OH,,Interesting,,Building,Elyria,Owned,Central Office,159,1509.3,4952,138.0,100-161,numeric,,173755,NOT AVAILABLE,AC; OVERHEAD,IN SERVICE,Y,1509.3,138.0,,173755,NOT AVAILABLE
ELYROHXB,41.3846400899999,-82.07799558,WNS2263,400 Abbe Norht Road,,,OH,,Other,,Building,Elyria,Owned,Central Office,52,795.6,2610,,NOT AVAILABLE,not_published,TAP171401 - TAP172609,173759,NOT AVAILABLE,AC; OVERHEAD,IN SERVICE,N,3645.4,138.0,,159619,NOT AVAILABLE
ELYROHXE,41.3999024199999,-82.1325053799999,WNS2264,41786 Griswald Road,,,OH,,Other,,Building,Elyria,Owned,Central Office,33,260.3,854,138.0,100-161,numeric,,159619,NOT AVAILABLE,AC; OVERHEAD,IN SERVICE,Y,260.3,138.0,,159619,NOT AVAILABLE
EMBGIAXP,43.11080562,-94.6673863299999,WNS3292,1301 10th Street,,,IA,,Other,,Building,Emmetsburg,Owned,Central Office,23,8856.7,29058,161.0,100-161,numeric,,104889,MIDAMERICAN ENERGY CO,AC; OVERHEAD,IN SERVICE,N,8856.7,161.0,,104889,MIDAMERICAN ENERGY CO
EVRSKYXA,36.8618690699999,-83.1824016099999,WNS1728,159 E. Main St,,,KY,,Other,,Building,EVARTS,Owned,Central Office,42,471.2,1546,69.0,UNDER 100,numeric,TAP154622 - TAP160523,164291,KENTUCKY UTILITIES CO,AC; OVERHEAD,IN SERVICE,Y,2347.1,161.0,HARLAN Y - ARNOLD,128143,KENTUCKY UTILITIES CO
FRFDIAXC,41.00742291,-91.9658781199999,WNS1627,204 West Broadway,,,IA,,Other,,Building,Fairfield,Owned,Central Office,40,549.0,1801,,NOT AVAILABLE,not_published,TAP137749,105699,NOT AVAILABLE,OVERHEAD,IN SERVICE,N,3120.3,161.0,JEFFERSON - HENRY CO,140001,NOT AVAILABLE
FTZGGAXA,31.71514352,-83.2537944099999,WNS1514,110 East Central,,,GA,,Other,,Building,Fitzgerald,Owned,Central Office,92,614.7,2017,115.0,100-161,numeric,,123984,GEORGIA POWER CO,AC; OVERHEAD,IN SERVICE,Y,614.7,115.0,,123984,GEORGIA POWER CO
RSSLKYXB,38.51718043,-82.7220606199999,WNS1730,2400 Argillite Road,,,KY,,Other,,Building,FLATWOODS,Owned,Central Office,73,1627.8,5341,69.0,UNDER 100,numeric,BELLEFONTE - RUSSELL,145174,KENTUCKY POWER CO,AC; OVERHEAD,IN SERVICE,Y,1627.8,138.0,CHADWICK - RUSSELL,106983,KENTUCKY POWER CO
FMBGKYXA,38.4249156799999,-83.73666597,WNS1732,226 West Water Street,,,KY,,Other,,Building,FLEMINGSBURG,Owned,Central Office,69,556.5,1826,138.0,100-161,numeric,TAP137340,114939,NOT AVAILABLE,AC; OVERHEAD,IN SERVICE,Y,556.5,138.0,TAP137340,114939,NOT AVAILABLE
FLTNGAXA,30.8294520799999,-82.00521745,WNS1515,201 East Martin Street,,,GA,,Other,,Building,Folkston,Owned,Central Office,25,2022.9,6637,115.0,100-161,numeric,,115544,GEORGIA POWER CO,AC; OVERHEAD,IN SERVICE,Y,2022.9,115.0,,115544,GEORGIA POWER CO
FRDYARXA,33.81287436,-92.4135129099999,WNS1367,308 North Oak Street,,,AR,,Other,,Building,Fordyce,Owned,Central Office,36,445.0,1460,115.0,100-161,numeric,,159394,ENTERGY ARKANSAS INC,AC; OVERHEAD,IN SERVICE,Y,445.0,115.0,,159394,ENTERGY ARKANSAS INC
FRCYIAXO,43.2657654699999,-93.63893779,WNS0504,145 West L Street,,,IA,,Other,,Building,Forest City,Owned,Central Office,15,418.6,1373,69.0,UNDER 100,numeric,FOREST CITY LIGHT PLANT,147814,NOT AVAILABLE,OVERHEAD,NOT AVAILABLE,Y,5862.8,161.0,TAP163601,166620,NOT AVAILABLE
GENVOHXA,41.80531692,-80.94567163,WNS2267,37 South Forest Street,,,OH,,Interesting,,Building,Geneva,Owned,Central Office,25,4136.9,13572,345.0,345,numeric,TAP136893 - PERRY,103658,"AMERICAN TRANSMISSION SYSTEMS, INC.",AC; OVERHEAD,IN SERVICE,N,4136.9,345.0,TAP136893 - PERRY,103658,"AMERICAN TRANSMISSION SYSTEMS, INC."
GRVIOHXA,40.06756012,-82.5189784699999,WNS2268,131 East Broadway,,,OH,,Interesting,,Building,Granville,Owned,Central Office,24,851.3,2793,69.0,UNDER 100,numeric,TAP171386,173735,OHIO POWER CO,AC; OVERHEAD,IN SERVICE,Y,2965.4,138.0,NORTH NEWARK SUBSTATION,116448,OHIO POWER CO
GNBRARXA,35.2326627699999,-92.38835084,WNS1370,9 South Broadview Street,,,AR,,Other,,Building,Greenbrier,Owned,Central Office,64,1071.2,3514,161.0,100-161,numeric,GREENBRIER,120252,ENTERGY ARKANSAS INC,AC; OVERHEAD,IN SERVICE,Y,1071.2,161.0,GREENBRIER,120252,ENTERGY ARKANSAS INC
GNFDIAAJ,41.2948208099999,-94.46017161,WNS3295,South Townline Road,,,IA,,Other,,Building,Greenfield,Owned,Central Office,0,2359.8,7742,,NOT AVAILABLE,not_published,NORTH - TAP177103,180295,NOT AVAILABLE,NOT AVAILABLE,IN SERVICE,NOT AVAILABLE,8594.4,161.0,CRESTON - ANITA,111700,WAPA-- WESTERN AREA POWER ADMINISTRATION
GNUPKYXA,38.5734244699999,-82.83962673,WNS1737,304 Laurel St.,,,KY,,Interesting,,Building,Greenup,Owned,Central Office,52,2736.3,8978,69.0,UNDER 100,numeric,,139308,OHIO POWER CO,AC; OVERHEAD,NOT AVAILABLE,Y,3685.9,765.0,JEFFERSON - HANGING ROCK,114236,NOT AVAILABLE
GRNLIAXC,41.74516982,-92.72541513,WNS1631,1010 Main Street,,,IA,,Other,,Building,Grinnell,Owned,Central Office,84,440.5,1445,,NOT AVAILABLE,not_published,,175805,CITY OF MONTEZUMA - (IA),OVERHEAD,NOT AVAILABLE,N,14598.5,345.0,MONTEZUMA SWITCHING STATION - BONDURANT,139793,MIDAMERICAN ENERGY CO
HRSNARXA,36.214283,-93.079052,,202 Graham Street,,,AR,,Other,,Building,Harrison,Owned,Central Office,81,957.9,3143,161.0,100-161,numeric,,103259,ENTERGY ARKANSAS INC,AC; OVERHEAD,IN SERVICE,Y,957.9,161.0,,103259,ENTERGY ARKANSAS INC
HZRDKYXA,37.24986502,-83.1939202399999,WNS1739,101 Winterberry Drive,,,KY,,Other,,Building,Hazard,Owned,Central Office,133,518.2,1700,69.0,UNDER 100,numeric,HAZARD,108992,KENTUCKY POWER CO,AC; OVERHEAD,IN SERVICE,Y,1044.4,161.0,HAZARD - WOOTON,129211,KENTUCKY POWER CO
HWSSGAXA,34.95173821,-83.7583057399999,WNS1525,228 North Main Street,,,GA,,Interesting,,Building,Hiawassee,Owned,Central Office,19,25.5,84,69.0,UNDER 100,numeric,TAP151237,118904,TENNESSEE VALLEY AUTHORITY,AC; OVERHEAD,IN SERVICE,Y,10248.7,161.0,HAYESVILLE,130347,"DUKE ENERGY CAROLINAS, LLC"
HLRDFLXA,30.68973301,-81.9186614599999,WNS1438,3745 Pecan Street,,,FL,,Other,,Building,Hilliard,Owned,Central Office,30,3516.3,11537,500.0,500,numeric,DUVAL - THALMANN,120977,NOT AVAILABLE,AC; OVERHEAD,IN SERVICE,N,3516.3,500.0,DUVAL - THALMANN,120977,NOT AVAILABLE
HIRMOHXA,41.31000644,-81.14604119,WNS2272,11677 Hayden Street Rear,,,OH,,Other,,Building,Hiram,Owned,Central Office,14,7491.5,24578,345.0,345,numeric,HIGHLAND - CHAMBERLIN,124079,"AMERICAN TRANSMISSION SYSTEMS, INC.",AC; OVERHEAD,IN SERVICE,N,7491.5,345.0,HIGHLAND - CHAMBERLIN,124079,"AMERICAN TRANSMISSION SYSTEMS, INC."
HLCRIAXP,42.5992163399999,-90.9921891999999,WNS1638,5778 MAPLE RD,,,IA,,Other,,Building,Holy Cross,Owned,Central Office,6,392.3,1287,69.0,UNDER 100,numeric,TAP159090 - TAP159092,160468,NOT AVAILABLE,AC; OVERHEAD,IN SERVICE,Y,3515.3,345.0,TURKEY RIVER - TAP400199,400396,AMERICAN TRANSMISSION
HDSNOHXB,41.21706309,-81.4425081699999,WNS1063,1300 Terex Road,,,OH,,Other,,Building,Hudson,Owned,Central Office,20,810.4,2659,,NOT AVAILABLE,not_published,TAP148087 - DARROW,113504,NOT AVAILABLE,OVERHEAD,IN SERVICE,N,1050.6,138.0,DARROW - HANNA,125569,NOT AVAILABLE
HDSNOHXA,41.24341435,-81.4400342499999,WNS2275,245 North Main Street,,,OH,,Other,,Building,Hudson,Owned,Central Office,170,1297.5,4257,,NOT AVAILABLE,not_published,CHAMBERLIN,133350,NOT AVAILABLE,OVERHEAD,IN SERVICE,N,3274.9,138.0,DARROW - HANNA,125569,NOT AVAILABLE
WTWDTXXA,30.81159231,-95.2597377099999,WNS2619,24500 Waterwood Parkway,,,TX,,Other,,Building,Huntsville,Owned,Central Office,9,1311.5,4303,69.0,UNDER 100,numeric,,313701,NOT AVAILABLE,AC; OVERHEAD,IN SERVICE,Y,3694.0,138.0,,304605,SAM HOUSTON ELECTRIC COOP INC
IRTNGAXA,32.8202546099999,-83.1678256299999,WNS1529,113 Wriley Road,,,GA,,Other,,Building,Irwinton,Owned,Central Office,26,1270.1,4167,,100-161,class_band,MEAG3,104278,GEORGIA POWER CO,OVERHEAD,IN SERVICE,Y,3603.0,115.0,,148195,GEORGIA POWER CO
JSPRGAXA,34.46817879,-84.43144501,WNS1532,69 Stegall Drive,,,GA,,Interesting,,Building,Jasper,Owned,Central Office,22,891.1,2924,,NOT AVAILABLE,not_published,TAP169054,170609,GEORGIA POWER CO,OVERHEAD,IN SERVICE,N,1667.1,230.0,,115545,GEORGIA POWER CO
JLLYIAXE,42.47842132,-94.7184655599999,,Alley East Of 129 Maston St,,,IA,,Other,,Building,Jolley,Owned,Central Office,3,4069.2,13350,69.0,UNDER 100,numeric,,169417,MIDAMERICAN ENERGY CO,AC; OVERHEAD,IN SERVICE,Y,9729.3,161.0,,104460,MIDAMERICAN ENERGY CO
KNTNOHXA,40.6478963699999,-83.6102986599999,WNS2278,225 West Columbus Street,,,OH,,Interesting,,Building,Kenton,Owned,Central Office,30,2541.7,8339,138.0,100-161,numeric,TAP140023,148375,OHIO POWER CO,AC; OVERHEAD,IN SERVICE,Y,2541.7,138.0,TAP140023,148375,OHIO POWER CO
KRVLTXXA,30.0453475899999,-99.13997664,WNS2631,812 Water Street,,,TX,,Other,,Building,Kerrville,Owned,Central Office,144,1314.2,4312,69.0,UNDER 100,numeric,TRAVIS,307601,"PEDERNALES ELECTRIC COOP, INC",AC; OVERHEAD,NOT AVAILABLE,N,1431.9,138.0,,309918,"PEDERNALES ELECTRIC COOP, INC"
KGVLOHXA,41.88940328,-80.67476628,WNS2279,3124 Main Street,,,OH,,Other,,Building,KINGSVILLE,Owned,Central Office,23,1472.8,4832,138.0,100-161,numeric,TAP136902,129721,NOT AVAILABLE,AC; OVERHEAD,IN SERVICE,Y,1472.8,138.0,TAP136902,129721,NOT AVAILABLE
KNVLIAXD,41.34934878,-93.0255881399999,,1690 Kennedy,,,IA,,Other,,Building,Knoxviile,Owned,Central Office,5,3885.7,12748,69.0,UNDER 100,numeric,KNOXVILLE BATTERY ENERGY STORAGE,160875,MIDAMERICAN ENERGY CO,AC; OVERHEAD,IN SERVICE,Y,,,,,
KNVLIAWH,41.3202682,-93.06150375,WNS3298,606 North Godfrey Lane,,,IA,,Other,,Building,Knoxville,Owned,Central Office,5,98.6,324,69.0,UNDER 100,numeric,KNOXVILLE BATTERY ENERGY STORAGE,160875,MIDAMERICAN ENERGY CO,AC; OVERHEAD,IN SERVICE,Y,,,,,
KNVLIAXC,41.3195514299999,-93.0983319999999,WNS0529,108 East Marion Street,,,IA,,Other,,Building,Knoxville,Owned,Central Office,79,935.6,3069,69.0,UNDER 100,numeric,KNOXVILLE BATTERY ENERGY STORAGE,160875,MIDAMERICAN ENERGY CO,AC; OVERHEAD,IN SERVICE,Y,,,,,
LFYTGAXA,34.70665255,-85.2827404899999,WNS1536,105 Cherokee Street,,,GA,,Interesting,,Building,Lafayette,Owned,Central Office,37,954.0,3130,115.0,100-161,numeric,ROCK SPRING,118758,GEORGIA POWER CO,AC; OVERHEAD,IN SERVICE,Y,954.0,115.0,ROCK SPRING,118758,GEORGIA POWER CO
ELYROHXD,41.3125910199999,-82.1173181099999,WNS1065,12045 State Route 301,,,OH,,Other,,Building,LaGrange,Owned,Central Office,16,345.7,1134,138.0,100-161,numeric,SHINROCK,167799,NOT AVAILABLE,AC; OVERHEAD,IN SERVICE,Y,345.7,138.0,SHINROCK,167799,NOT AVAILABLE
LKCYIAXO,42.26849988,-94.73361558,WNS0532,106 East Washington,,,IA,,Other,,Building,Lake City,Owned,Central Office,9,8592.0,28189,69.0,UNDER 100,numeric,,169417,MIDAMERICAN ENERGY CO,AC; OVERHEAD,IN SERVICE,Y,10289.1,345.0,LEHIGH - RAUN,109217,MIDAMERICAN ENERGY CO
LAMSTXXA,32.73209717,-101.9508835,WNS2635,313 South 1st Street,,,TX,,Other,,Building,Lamesa,Owned,Central Office,20,737.5,2420,69.0,UNDER 100,numeric,,313735,ONCOR ELECTRIC DELIVERY CO.,AC; OVERHEAD,IN SERVICE,N,1830.0,138.0,,311541,ONCOR ELECTRIC DELIVERY CO.
LAVNGAXA,34.43593356,-83.1044045799999,WNS1538,5801 Vickery Street,,,GA,,Other,,Building,Lavonia,Owned,Central Office,42,1142.3,3748,,NOT AVAILABLE,not_published,TAP173822 - DEADEND173825,175840,GEORGIA POWER CO,OVERHEAD,NOT AVAILABLE,N,1991.1,115.0,TAP154604,133192,GEORGIA POWER CO
LEDSALXA,33.54372706,-86.54439521,WNS1345,8372 1St Avenue Southeast,,,AL,,Other,,Building,Leeds,Owned,Central Office,27,574.0,1883,115.0,100-161,numeric,TAP145830,134621,ALABAMA POWER CO,AC; OVERHEAD,IN SERVICE,Y,574.0,115.0,TAP145830,134621,ALABAMA POWER CO
LTFDKYXA,37.48445892,-86.2939511299999,WNS1752,399 N Cannon Dr BLDG A,,,KY,,Other,,Building,Leitchfield,Owned,Central Office,35,157.1,515,69.0,UNDER 100,numeric,TAP155982,156353,KENTUCKY UTILITIES CO,AC; OVERHEAD,IN SERVICE,Y,1554.6,138.0,TAP155580,104327,KENTUCKY UTILITIES CO
LVLDTXXA,33.58805583,-102.379543499999,WNS2638,506 Avenue I,,,TX,,Other,,Building,Levelland,Owned,Central Office,75,391.5,1284,69.0,UNDER 100,numeric,,300096,SOUTHWESTERN PUBLIC SERVICE CO.,AC; OVERHEAD,IN SERVICE,N,4208.3,115.0,TAP300226,301055,NOT AVAILABLE
LTFDTXXA,33.9210429999999,-102.329773,WNS2640,600 East 5th Street,,,TX,,Other,,Building,Littlefield,Owned,Central Office,39,1322.1,4338,69.0,UNDER 100,numeric,,300089,NOT AVAILABLE,AC; OVERHEAD,IN SERVICE,N,3118.9,115.0,PLANT X,307568,BAILEY COUNTY ELEC COOP ASSN
LVOKFLXA,30.29397346,-82.98207915,WNS1448,206 White Avenue SE,,,FL,,Other,,Building,Live Oak,Owned,Central Office,123,377.0,1237,115.0,100-161,numeric,LIVE OAK,144068,"DUKE ENERGY FLORIDA, LLC",AC; OVERHEAD,IN SERVICE,N,377.0,115.0,LIVE OAK,144068,"DUKE ENERGY FLORIDA, LLC"
MDSNOHXA,41.8002742199999,-81.0489853899999,WNS2282,2740 Hubbard Road,,,OH,,Interesting,,Building,MADISON,Owned,Central Office,28,1103.6,3621,345.0,345,numeric,TAP136893 - PERRY,103658,"AMERICAN TRANSMISSION SYSTEMS, INC.",AC; OVERHEAD,IN SERVICE,N,1103.6,345.0,TAP136893 - PERRY,103658,"AMERICAN TRANSMISSION SYSTEMS, INC."
MNCHIAXO,42.48472283,-91.45717681,WNS1646,107 East Fayette Street,,,IA,,Other,,Building,Manchester,Owned,Central Office,30,7586.1,24889,161.0,100-161,numeric,DUNDEE - HICKORY CREEK,120017,NOT AVAILABLE,AC; OVERHEAD,IN SERVICE,Y,7586.1,161.0,DUNDEE - HICKORY CREEK,120017,NOT AVAILABLE
MNCHIAWH,42.45587333,-91.4783707299999,WNS1645,1614 230Th Street,,,IA,,Other,,Building,Manchester,Owned,Central Office,2,7465.0,24492,161.0,100-161,numeric,DUNDEE - COGGON,144434,NOT AVAILABLE,AC; OVERHEAD,IN SERVICE,Y,7465.0,161.0,DUNDEE - COGGON,144434,NOT AVAILABLE
MNCHGAXA,32.85132378,-84.61593315,WNS1542,212 2nd Street,,,GA,,Other,,Building,Manchester,Owned,Central Office,31,3299.1,10824,115.0,100-161,numeric,,106353,GEORGIA POWER CO,AC; OVERHEAD,IN SERVICE,Y,3299.1,115.0,,106353,GEORGIA POWER CO
MRNGIAXO,41.7988809399999,-92.06939307,WNS1648,151 East Hilton,,,IA,,Other,,Building,Marengo,Owned,Central Office,15,13679.9,44881,69.0,UNDER 100,numeric,TAP168104 - TAP168107,169309,NOT AVAILABLE,AC; OVERHEAD,IN SERVICE,Y,,,,,
MAYOFLXA,30.05422767,-83.1762577599999,WNS1450,153 Northwest Crawford Street,,,FL,,Other,,Building,Mayo,Owned,Central Office,20,7685.6,25215,69.0,UNDER 100,numeric,,136349,"DUKE ENERGY FLORIDA, LLC",AC; OVERHEAD,IN SERVICE,N,,,,,
MCRAGAXA,32.0667820099999,-82.89752257,WNS1545,8 East Oak Street,,,GA,,Other,,Building,McRae,Owned,Central Office,23,79.1,260,,NOT AVAILABLE,not_published,,170565,GEORGIA POWER CO,OVERHEAD,IN SERVICE,N,2123.2,115.0,TAP155816,158101,GEORGIA POWER CO
MLRSIAXO,40.97544741,-93.0481071399999,,105 TRINITY AVE,,,IA,,Other,,Building,Melrose,Owned,Central Office,7,9654.1,31674,161.0,100-161,numeric,LUCAS CO - OTTUMWA GENERATION STATION,106824,MIDAMERICAN ENERGY CO,AC; OVERHEAD,IN SERVICE,Y,9654.1,161.0,LUCAS CO - OTTUMWA GENERATION STATION,106824,MIDAMERICAN ENERGY CO
MMPHTXXA,34.72450811,-100.5393755,WNS2654,721 West Noel Street,,,TX,,Other,,Building,Memphis,Owned,Central Office,48,672.9,2208,69.0,UNDER 100,numeric,,301886,NOT AVAILABLE,AC; OVERHEAD,IN SERVICE,N,4494.8,115.0,FLOYD,309528,"LIGHTHOUSE ELECTRIC COOP, INC"
MDVLGAXA,33.0908148099999,-83.2284728199999,WNS1550,750 North Jefferson Street,,,GA,,Other,,Building,Milledgeville,Owned,Central Office,93,1218.2,3997,115.0,100-161,numeric,,115084,GEORGIA POWER CO,AC; OVERHEAD,IN SERVICE,Y,1218.2,115.0,,115084,GEORGIA POWER CO
MONRGAXB,33.8904380199999,-83.71992317,WNS0397,3375 GA-11,,,GA,,Interesting,,Building,Monroe,Owned,Central Office,3,404.1,1326,230.0,220-287,numeric,DOYLE ENERGY FACILITY,108650,GEORGIA POWER CO,AC; OVERHEAD,IN SERVICE,Y,404.1,230.0,DOYLE ENERGY FACILITY,108650,GEORGIA POWER CO
MONRGAXA,33.7964565799999,-83.71253894,WNS1551,129 East Highland Avenue,,,GA,,Interesting,,Building,Monroe,Owned,Central Office,36,309.9,1017,115.0,100-161,numeric,,110923,GEORGIA POWER CO,AC; OVERHEAD,IN SERVICE,Y,309.9,115.0,,110923,GEORGIA POWER CO
MTZMGAXA,32.3017480299999,-84.03082915,WNS1552,111 Drayton Street,,,GA,,Other,,Building,Montezuma,Owned,Central Office,25,2096.6,6879,,100-161,class_band,,149259,GEORGIA POWER CO,OVERHEAD,IN SERVICE,Y,2217.6,115.0,TAP142440,103149,GEORGIA POWER CO
MNTIKYXA,36.83127068,-84.85042624,WNS1775,45 Huffaker Street,,,KY,,Other,,Building,Monticello,Owned,Central Office,42,788.3,2586,,NOT AVAILABLE,not_published,,179005,NOT AVAILABLE,NOT AVAILABLE,IN SERVICE,NOT AVAILABLE,6198.0,161.0,MCCREARY COUNTY - TAP155477,102333,"EAST KENTUCKY POWER COOP, INC"
LEDSALXB,33.5934139599999,-86.49852364,WNS1346,920 Park Avenue,,,AL,,Other,,Building,Moody,Owned,Central Office,52,376.6,1235,115.0,100-161,numeric,TAP142570,129821,ALABAMA POWER CO,AC; OVERHEAD,IN SERVICE,Y,376.6,115.0,TAP142570,129821,ALABAMA POWER CO
MORVIAIC,40.8920549899999,-92.9835000199999,,10435 160th Ave,,,IA,,Other,,Building,Moravia,Leased/Easement,Central Office,5,,,,,,,,,,,,,,,,
MRHDKYXA,38.18366375,-83.43477901,WNS1776,154 East 2nd Street,,,KY,,Other,,Building,Morehead,Owned,Central Office,160,324.1,1063,69.0,UNDER 100,numeric,TAP160510,164100,KENTUCKY UTILITIES CO,AC; OVERHEAD,IN SERVICE,Y,1438.6,138.0,RODBURN - TAP137343,107778,NOT AVAILABLE
MLTRGAXA,31.1774829199999,-83.78371355,WNS1556,216 4th Street SE,,,GA,,Other,,Building,Moultrie,Owned,Central Office,89,302.7,993,115.0,100-161,numeric,TAP142756,117519,GEORGIA POWER CO,AC; OVERHEAD,IN SERVICE,Y,302.7,115.0,TAP142756,117519,GEORGIA POWER CO
MLTRGA05,31.17919025,-83.74876131,WNS0398,282 Industrial Drive,,,GA,,Other,,Building,Moultrie,Owned,Central Office,4,2082.6,6833,,100-161,class_band,TAP142748 - TAP142757,108961,GEORGIA POWER CO,OVERHEAD,IN SERVICE,Y,3004.9,115.0,TAP142756,117519,GEORGIA POWER CO
MTAYIAXC,40.71260431,-94.2373037699999,WNS0579,300 South Taylor,,,IA,,Other,,Building,Mount Ayr,Owned,Central Office,9,,,,,,,,,,,,,,,,
MNPLIAXC,40.96786585,-91.5533856899999,WNS1653,101 West Madison,,,IA,,Other,,Building,Mount Pleasant,Owned,Central Office,48,505.9,1660,69.0,UNDER 100,numeric,MT PLEASANT,140027,NOT AVAILABLE,OVERHEAD,NOT AVAILABLE,Y,2756.4,161.0,JEFFERSON - HENRY CO,140001,NOT AVAILABLE
MTVRKYXA,37.3542603599999,-84.3415178999999,WNS1780,80 West Main St,,,KY,,Other,,Building,Mount Vernon,Owned,Central Office,20,1015.8,3333,69.0,UNDER 100,numeric,,110824,NOT AVAILABLE,AC; OVERHEAD,IN SERVICE,Y,,,,,
NSVLGAXA,31.2060928299999,-83.2513356599999,WNS1558,203 South Bartow Street,,,GA,,Other,,Building,Nashville,Owned,Central Office,32,477.2,1566,115.0,100-161,numeric,,107000,GEORGIA POWER CO,AC; OVERHEAD,IN SERVICE,Y,477.2,115.0,,107000,GEORGIA POWER CO
NEVDIAXC,42.02086028,-93.4511339099999,WNS1654,635 J Avenue,,,IA,,Other,,Building,Nevada,Owned,Central Office,24,5260.1,17258,,NOT AVAILABLE,not_published,,175114,NOT AVAILABLE,AC; OVERHEAD,IN SERVICE,N,7122.3,161.0,,138435,NOT AVAILABLE
NHTNIAWH,43.0661261999999,-92.3077757899999,WNS3303,627 North Pleasant Hill Avenue,,,IA,,Other,,Building,New Hampton,Owned,Central Office,1,1348.4,4424,69.0,UNDER 100,numeric,NEW HAMPTON,108858,NOT AVAILABLE,OVERHEAD,NOT AVAILABLE,Y,4234.6,345.0,PIONEER PRAIRIE PHASE I - HAZLETON,124724,MIDAMERICAN ENERGY CO
NHTNIAXC,43.05909211,-92.31272332,WNS1655,201 East Main,,,IA,,Other,,Building,New Hampton,Owned,Central Office,32,1384.6,4543,69.0,UNDER 100,numeric,NEW HAMPTON,108858,NOT AVAILABLE,OVERHEAD,NOT AVAILABLE,Y,5079.5,345.0,PIONEER PRAIRIE PHASE I - HAZLETON,124724,MIDAMERICAN ENERGY CO
NWRKOHXA,40.0594485299999,-82.40487305,WNS2289,66 North 4th Street,,,OH,,Interesting,,Building,Newark,Owned,Central Office,145,604.6,1984,69.0,UNDER 100,numeric,,159317,OHIO POWER CO,OVERHEAD,IN SERVICE,Y,3363.1,138.0,NORTH NEWARK SUBSTATION,116448,OHIO POWER CO
NWRKOHXC,40.0575081,-82.4271879399999,WNS2294,214 Neal Avenue,,,OH,,Interesting,,Building,Newark,Owned,Central Office,21,1579.9,5183,69.0,UNDER 100,numeric,,173746,OHIO POWER CO,AC; OVERHEAD,IN SERVICE,Y,3575.0,138.0,NORTH NEWARK SUBSTATION,119692,OHIO POWER CO
NWRKOHXD,40.01356485,-82.4046177299999,WNS2291,7322 Dorsey Mill Road Southeast,,,OH,,Interesting,,Building,Newark,Owned,Central Office,24,1691.7,5550,69.0,UNDER 100,numeric,TAP158957,159495,NOT AVAILABLE,OVERHEAD,IN SERVICE,Y,1692.6,138.0,KIRK,104867,OHIO POWER CO
NWRKOHXB,40.08689351,-82.42710726,WNS2290,320 Deo Drive,,,OH,,Interesting,,Building,Newark,Owned,Central Office,25,648.1,2126,138.0,100-161,numeric,NORTH NEWARK SUBSTATION,116448,OHIO POWER CO,AC; OVERHEAD,IN SERVICE,Y,648.1,138.0,NORTH NEWARK SUBSTATION,116448,OHIO POWER CO
HETHOHXA,40.0413168899999,-82.44171796,WNS2292,1046 Harris Avenue,,,OH,,Interesting,,Building,Newark,Owned,Central Office,27,763.7,2506,69.0,UNDER 100,numeric,,159321,OHIO POWER CO,OVERHEAD,IN SERVICE,Y,2521.6,138.0,TAP151048,126818,OHIO POWER CO
NWTNIAXC,41.6983315,-93.05448565,WNS1656,115 S Second Ave W,,,IA,,Other,,Building,Newton,Owned,Central Office,60,749.6,2459,,NOT AVAILABLE,not_published,,111063,MIDAMERICAN ENERGY CO,OVERHEAD,IN SERVICE,N,757.9,161.0,JASPER,102676,MIDAMERICAN ENERGY CO
NCVLKYXA,37.8806709099999,-84.57236611,WNS1784,105 North York Street,,,KY,,Other,,Building,Nicholasville,Owned,Central Office,121,1030.1,3380,69.0,UNDER 100,numeric,TAP160500,164070,"EAST KENTUCKY POWER COOP, INC",AC; OVERHEAD,IN SERVICE,Y,2980.2,138.0,BROWN PLANT - TAP155024,108551,NOT AVAILABLE
NCNATXXA,33.78899947,-97.7264983099999,WNS2673,117 East Oak Street,,,TX,,Other,,Building,Nocona,Owned,Central Office,21,165.3,542,69.0,UNDER 100,numeric,,300268,ONCOR ELECTRIC DELIVERY CO.,AC; OVERHEAD,IN SERVICE,N,,,,,
NRVLOHXA,41.39099066,-82.01914082,WNS1068,6874 Avon Belden Road,,,OH,,Other,,Building,North Ridgeville,Owned,Central Office,57,2204.1,7231,345.0,345,numeric,AVON LAKE - JUNIPER,121264,NOT AVAILABLE,AC; OVERHEAD,IN SERVICE,Y,2204.1,345.0,AVON LAKE - JUNIPER,121264,NOT AVAILABLE
NRFDOHXA,41.31474448,-81.53703932,WNS2297,54 Leonard Avenue,,,OH,,Interesting,,Building,Northfield,Owned,Central Office,93,889.0,2917,345.0,345,numeric,HANNA,124280,NOT AVAILABLE,AC; OVERHEAD,IN SERVICE,Y,889.0,345.0,HANNA,124280,NOT AVAILABLE
NRWDNCXA,35.22668599,-80.12266339,WNS1925,238 North Main Street,,,NC,,Interesting,,Building,Norwood,Owned,Central Office,15,1198.7,3933,100.0,100-161,numeric,TAP150528,120024,NOT AVAILABLE,AC; OVERHEAD,IN SERVICE,Y,1198.7,100.0,TAP150528,120024,NOT AVAILABLE
OLHLKYXA,38.30218139,-83.1702961099999,WNS1785,133 Mills Street,,,KY,,Other,,Building,Olive Hill,Owned,Central Office,42,764.2,2507,69.0,UNDER 100,numeric,TAP121270,141791,KENTUCKY POWER CO,AC; OVERHEAD,IN SERVICE,Y,,,,,
OWVLKYXA,38.1410863699999,-83.76592121,WNS1787,148 Treadway Street,,,KY,,Other,,Building,OWINGSVILLE,Owned,Central Office,50,393.9,1292,69.0,UNDER 100,numeric,TAP137349,126066,NOT AVAILABLE,AC; OVERHEAD,IN SERVICE,Y,3983.7,138.0,TAP137344,118311,"EAST KENTUCKY POWER COOP, INC"
PLNGOHXA,41.1360556599999,-84.58159009,WNS2300,117 West Harrison Street,,,OH,,Other,,Building,Paulding,Owned,Central Office,30,1047.5,3437,,NOT AVAILABLE,not_published,,173824,OHIO POWER CO,AC; OVERHEAD,IN SERVICE,N,13110.3,138.0,HAVILAND - TIMBER SWITCH,164636,OHIO POWER CO
PECSTXXB,31.40444183,-103.5034902,WNS2681,924 West Daggett Street,,,TX,,Interesting,,Building,Pecos,Owned,Central Office,35,374.0,1227,46.0,UNDER 100,numeric,,312260,TEXAS-NEW MEXICO POWER CO.,AC; OVERHEAD,IN SERVICE,N,1134.6,138.0,PECOS,300753,TEXAS-NEW MEXICO POWER CO.
PNSLOHXA,41.2412452,-81.54544115,WNS2301,1515 State Route 303,,,OH,,Other,,Building,Peninsula,Owned,Central Office,15,600.1,1969,138.0,100-161,numeric,TAP137177 - TAP137179,102171,NOT AVAILABLE,AC; OVERHEAD,IN SERVICE,Y,600.1,138.0,TAP137177 - TAP137179,102171,NOT AVAILABLE
PRRYGAAI,32.4358179099999,-83.7608892599999,WNS3437,2031 US HWY 41 S,,,GA,,Other,,Building,Perry,Owned,Central Office,4,1745.4,5726,115.0,100-161,numeric,TAP160570 - TAP176816,180291,GEORGIA POWER CO,AC; OVERHEAD,IN SERVICE,Y,1745.4,115.0,TAP160570 - TAP176816,180291,GEORGIA POWER CO
PRRYGAXA,32.4573819499999,-83.73262665,WNS1566,910 Main Street,,,GA,,Other,,Building,Perry,Owned,Central Office,95,336.4,1104,115.0,100-161,numeric,PERRY - TAP160570,164485,GEORGIA POWER CO,AC; OVERHEAD,IN SERVICE,Y,336.4,115.0,PERRY - TAP160570,164485,GEORGIA POWER CO
PRRYOHXA,41.75907565,-81.1385295,WNS2302,4165 Main Street,,,OH,,Other,,Building,PERRY,Owned,Central Office,20,1352.8,4438,345.0,345,numeric,PERRY - LEROY CENTER,156955,"AMERICAN TRANSMISSION SYSTEMS, INC.",AC; OVERHEAD,IN SERVICE,N,1352.8,345.0,PERRY - LEROY CENTER,156955,"AMERICAN TRANSMISSION SYSTEMS, INC."
PYTNTXXA,36.39730102,-100.803753299999,WNS2683,301 South Amherst Street,,,TX,,Other,,Building,Perryton,Owned,Central Office,36,467.6,1534,115.0,100-161,numeric,OCHILTREE,306941,SOUTHWESTERN PUBLIC SERVICE CO.,AC; OVERHEAD,IN SERVICE,N,467.6,115.0,OCHILTREE,306941,SOUTHWESTERN PUBLIC SERVICE CO.
PERSIAXP,41.58003601,-95.56854909,,Alley Behind 103 Main Street,,,IA,,Other,,Building,Persia,Leased/Easement,Central Office,4,6486.1,21280,69.0,UNDER 100,numeric,TAP159234 - TAP159236,162669,MIDAMERICAN ENERGY CO,AC; OVERHEAD,IN SERVICE,Y,,,,,
PITSGAXA,31.94497002,-83.5413853299999,WNS1568,108 7Th Ave W,,,GA,,Other,,Building,Pitts,Owned,Central Office,9,1759.5,5773,230.0,220-287,numeric,PITTS - NORTH TIFTON,137096,GEORGIA POWER CO,AC; OVERHEAD,IN SERVICE,Y,1759.5,230.0,PITTS - NORTH TIFTON,137096,GEORGIA POWER CO
POTEOKAY,35.0207959299999,-94.65992454,WNS1096,201 Kerr Ave,,,OK,,Other,,Building,Poteau,Owned,Central Office,1,2811.2,9223,69.0,UNDER 100,numeric,TAP159852,162269,NOT AVAILABLE,AC; OVERHEAD,IN SERVICE,Y,10144.1,161.0,TAP149548 - TAP149655,128031,NOT AVAILABLE
POTEOKXA,35.0521843699999,-94.6202629499999,WNS2358,310 Clayton Avenue,,,OK,,Other,,Building,Poteau,Owned,Central Office,37,798.4,2620,69.0,UNDER 100,numeric,,162268,NOT AVAILABLE,AC; OVERHEAD,IN SERVICE,Y,6970.5,161.0,TAP149548,130637,NOT AVAILABLE
PWPNOHXA,39.8659507599999,-80.79901046,WNS2305,101 Ben Avenue,,,OH,,Interesting,,Building,Powhatan Point,Owned,Central Office,18,1074.7,3526,69.0,UNDER 100,numeric,KAMMER (138KV) - GEORGE WASHINGTON,123291,WHEELING POWER CO,AC; OVERHEAD,IN SERVICE,N,2160.3,138.0,KAMMER (138KV) - GEORGE WASHINGTON,127257,WHEELING POWER CO
PRCLOKXA,35.0113368399999,-97.36365886,WNS2360,319 West Apache,,,OK,,Other,,Building,Purcell,Owned,Central Office,55,1162.4,3814,138.0,100-161,numeric,PURCELL,161653,NOT AVAILABLE,AC; OVERHEAD,IN SERVICE,Y,1162.4,138.0,PURCELL,161653,NOT AVAILABLE
QKCYOHXA,39.97051805,-81.29860963,WNS2306,181 Broadway Street,,,OH,,Other,,Building,Quaker City,Owned,Central Office,18,3149.7,10334,765.0,735 AND ABOVE,numeric,KAMMER (765KV),133972,NOT AVAILABLE,AC; OVERHEAD,IN SERVICE,N,3149.7,765.0,KAMMER (765KV),133972,NOT AVAILABLE
RCFDOHXA,41.23925717,-81.6557576,,4676 West Streetsboro Road,,,OH,,Interesting,,Building,Richfield,Owned,Central Office,27,2216.4,7272,138.0,100-161,numeric,TAP137138 - WEST AKRON,130380,NOT AVAILABLE,AC; OVERHEAD,IN SERVICE,Y,2216.4,138.0,TAP137138 - WEST AKRON,130380,NOT AVAILABLE
TRNYTXXH,30.85154,-95.40012,WNS1293,75 FRONT ST @ F.M. 980 Riverside TX 77367 US,,,TX,,Other,,Building,Riverside,Owned,Central Office,10,800.5,2626,69.0,UNDER 100,numeric,,313722,"ENTERGY TEXAS, INC.",AC; OVERHEAD,NOT AVAILABLE,N,810.9,138.0,,304605,SAM HOUSTON ELECTRIC COOP INC
GRQYNCXA,35.5720107499999,-80.4178416,WNS1932,8145 Highway 52,,,NC,,Interesting,,Building,Rockwell,Owned,Central Office,30,1563.9,5131,230.0,220-287,numeric,,137895,"DUKE ENERGY CAROLINAS, LLC",AC; OVERHEAD,IN SERVICE,Y,1563.9,230.0,,137895,"DUKE ENERGY CAROLINAS, LLC"
SYMRTXXA,33.59135941,-99.2600727699999,WNS2709,400 North Main Street,,,TX,,Other,,Building,Seymour,Owned,Central Office,54,325.4,1068,138.0,100-161,numeric,TAP303442,300212,NOT AVAILABLE,AC; OVERHEAD,IN SERVICE,N,325.4,138.0,TAP303442,300212,NOT AVAILABLE
SHPVKYXA,37.99026484,-85.7157907099999,WNS1795,144 South Buckman Street,,,KY,,Other,,Building,Sheperdsville,Owned,Central Office,44,1061.5,3483,69.0,UNDER 100,numeric,TAP138391,122569,NOT AVAILABLE,AC; OVERHEAD,IN SERVICE,Y,2550.6,161.0,CAMPGROUND - TAP138385,142163,NOT AVAILABLE
SHRDARXA,34.3065086399999,-92.398274,WNS1404,209 East Center,,,AR,,Other,,Building,Sheridan,Owned,Central Office,33,892.2,2927,115.0,100-161,numeric,POYEN - TAP149972,145828,ENTERGY ARKANSAS INC,AC; OVERHEAD,IN SERVICE,Y,892.2,115.0,POYEN - TAP149972,145828,ENTERGY ARKANSAS INC
SHDNKYXA,37.5251636699999,-85.89526014,WNS1801,21 1st Street,,,KY,,Other,,Building,SONORA,Owned,Central Office,22,502.8,1650,69.0,UNDER 100,numeric,TAP155030,119554,KENTUCKY UTILITIES CO,AC; OVERHEAD,IN SERVICE,Y,11538.3,345.0,BROWN PLANT - HARDIN,141214,KENTUCKY UTILITIES CO
STWLOKXA,35.81283854,-94.6278948,WNS2368,116 South 1st Street,,,OK,,Other,,Building,Stilwell,Owned,Central Office,28,39.4,129,69.0,UNDER 100,numeric,,127349,NORTHEAST OKLAHOMA ELECTRIC CO,AC; OVERHEAD,IN SERVICE,Y,1894.1,161.0,TAP149396,137547,PUBLIC SERVICE CO OF OKLAHOMA
SGLDTXXE,29.63625224,-95.5981813199999,WNS2726,12626 Dairy Ashford Road,,,TX,,Other,,Building,Sugar Land,Owned,Central Office,159,843.9,2769,138.0,100-161,numeric,ALIEF,306408,"CENTERPOINT ENERGY HOUSTON ELECTRIC, LLC",AC; OVERHEAD,IN SERVICE,N,843.9,138.0,ALIEF,306408,"CENTERPOINT ENERGY HOUSTON ELECTRIC, LLC"
SGLDTXXD,29.5860816699999,-95.62071487,WNS2722,1850 Austin Parkway,,,TX,,Other,,Building,Sugar Land,Owned,Central Office,64,555.5,1823,138.0,100-161,numeric,IMPERIAL - TAP305071,306936,"CENTERPOINT ENERGY HOUSTON ELECTRIC, LLC",AC; OVERHEAD,IN SERVICE,N,555.5,138.0,IMPERIAL - TAP305071,306936,"CENTERPOINT ENERGY HOUSTON ELECTRIC, LLC"
SUVLGAXA,34.4815202899999,-85.34870994,WNS1584,66 West Washington Street,,,GA,,Interesting,,Building,Summerville,Owned,Central Office,33,1283.7,4212,,100-161,class_band,TAP149900,129537,GEORGIA POWER CO,OVERHEAD,IN SERVICE,Y,1392.8,115.0,,105696,GEORGIA POWER CO
SWNYTXXA,29.03860427,-95.6995736899999,WNS2733,202 Pecan Street,,,TX,,Other,,Building,Sweeny,Owned,Central Office,29,2177.0,7142,138.0,100-161,numeric,SWEENY,311105,TEXAS-NEW MEXICO POWER CO.,AC; OVERHEAD,IN SERVICE,N,2177.0,138.0,SWEENY,311105,TEXAS-NEW MEXICO POWER CO.
SYVNGAXA,32.7517568299999,-81.6332240899999,WNS1585,303 East Ogeechee Street,,,GA,,Other,,Building,Sylvania,Owned,Central Office,12,1059.1,3475,115.0,100-161,numeric,,156252,GEORGIA POWER CO,AC; OVERHEAD,IN SERVICE,Y,1059.1,115.0,,156252,GEORGIA POWER CO
TCMSOKXB,35.25843195,-96.9359090699999,WNS2370,112 East Park Street,,,OK,,Other,,Building,Tecumseh,Owned,Central Office,33,1033.9,3392,69.0,UNDER 100,numeric,,125350,OKLAHOMA GAS & ELECTRIC CO,AC; OVERHEAD,IN SERVICE,Y,2056.3,138.0,TAP149653,131459,OKLAHOMA GAS & ELECTRIC CO
THTNGAXA,32.8869667499999,-84.3254854999999,WNS3198,118 East Gordon Street,,,GA,,Other,,Building,Thomaston,Owned,Central Office,53,1274.4,4181,115.0,100-161,numeric,,149165,GEORGIA POWER CO,AC; OVERHEAD,IN SERVICE,Y,1274.4,115.0,,149165,GEORGIA POWER CO
THTNGAXB,32.9334372699999,-84.3334017899999,WNS3284,1444 Highway 19 N,,,GA,,Other,,Building,Thomaston,Owned,Central Office,15,67.3,221,,NOT AVAILABLE,not_published,,132150,GEORGIA POWER CO,OVERHEAD,NOT AVAILABLE,N,1475.2,115.0,,114137,GEORGIA POWER CO
TPTNIAXO,41.77051661,-91.12666418,WNS1668,506 Meridian,,,IA,,Other,,Building,Tipton,Owned,Central Office,25,334.0,1096,69.0,UNDER 100,numeric,TIPTON,148041,NOT AVAILABLE,OVERHEAD,NOT AVAILABLE,Y,5801.4,115.0,EAST CALAMUS - SUTLIFF,123654,MIDAMERICAN ENERGY CO
TOLDIAXO,41.98152657,-92.5812656199999,WNS1669,1201 South County Road,,,IA,,Other,,Building,Toledo,Owned,Central Office,23,4782.3,15690,115.0,100-161,numeric,MARSHALLTOWN,119395,NOT AVAILABLE,AC; OVERHEAD,IN SERVICE,Y,4782.3,115.0,MARSHALLTOWN,119395,NOT AVAILABLE
TRARIAXO,42.19143728,-92.46705144,WNS1670,505 3rd Street,,,IA,,Other,,Building,Traer,Owned,Central Office,10,4717.4,15477,161.0,100-161,numeric,TRAER,138452,NOT AVAILABLE,AC; OVERHEAD,IN SERVICE,Y,4717.4,161.0,TRAER,138452,NOT AVAILABLE
TRINGAXA,34.54083387,-85.31313762,WNS1588,207 Allgood Street,,,GA,,Other,,Building,Trion,Owned,Central Office,21,438.3,1438,115.0,100-161,numeric,,116780,GEORGIA POWER CO,AC; OVERHEAD,IN SERVICE,Y,438.3,115.0,,116780,GEORGIA POWER CO
BRAROKXB,36.0575717899999,-95.8690106199999,WNS2371,7200 S Mingo Rd,,,OK,,Other,,Building,Tulsa,Owned,Central Office,226,434.3,1425,138.0,100-161,numeric,TAP168566,169948,PUBLIC SERVICE CO OF OKLAHOMA,AC; OVERHEAD,IN SERVICE,Y,434.3,138.0,TAP168566,169948,PUBLIC SERVICE CO OF OKLAHOMA
TWBGOHIR,41.3112491199999,-81.4423444499999,,2684 East Aurora Road,,,OH,,Interesting,,Building,Twinsburg,Owned,Central Office,,423.1,1388,,NOT AVAILABLE,not_published,CASE - TWINSBURG,122195,NOT AVAILABLE,OVERHEAD,IN SERVICE,N,974.0,345.0,JUNIPER - HANNA,114362,"AMERICAN TRANSMISSION SYSTEMS, INC."
TWBGOHXA,41.31113087,-81.44232343,,2684 Route 82,,,OH,,Interesting,,Building,Twinsburg,TBD,Central Office,99,410.9,1348,,NOT AVAILABLE,not_published,CASE - TWINSBURG,122195,NOT AVAILABLE,OVERHEAD,IN SERVICE,N,987.2,345.0,JUNIPER - HANNA,114362,"AMERICAN TRANSMISSION SYSTEMS, INC."
VNBGKYXA,38.5941079999999,-83.321195,WNS1806,403 Fairlane Dr.,,,KY,,Other,,Building,Vanceburg,Owned,Central Office,44,2469.8,8103,765.0,735 AND ABOVE,numeric,JEFFERSON - HANGING ROCK,114236,NOT AVAILABLE,AC; OVERHEAD,IN SERVICE,Y,2469.8,765.0,JEFFERSON - HANGING ROCK,114236,NOT AVAILABLE
VIANOK05,35.49846823,-94.9714586,,109 Blackstone St,,,OK,,Other,,Building,Vian,Owned,Central Office,13,512.6,1682,69.0,UNDER 100,numeric,TAP159661,161624,OKLAHOMA GAS & ELECTRIC CO,AC; OVERHEAD,IN SERVICE,Y,1873.9,161.0,WEBBERS FALLS,137566,SOUTHWESTERN POWER ADMINISTRATION
VILNARXA,35.0831462599999,-92.2113457699999,,1078 Main Street,,,AR,,Other,,Building,Vilonia,Owned,Central Office,2,3068.5,10067,161.0,100-161,numeric,,140405,ENTERGY ARKANSAS INC,AC; OVERHEAD,IN SERVICE,Y,3068.5,161.0,,140405,ENTERGY ARKANSAS INC
WGNROKXD,35.9589769999999,-95.3675769999999,WNS2375,Rear Of 812 E. Cherokee,,,OK,,Other,,Building,Wagoner,Owned,Central Office,38,410.8,1348,69.0,UNDER 100,numeric,TAP159676,161641,PUBLIC SERVICE CO OF OKLAHOMA,AC; OVERHEAD,IN SERVICE,Y,1648.8,138.0,TAP149257 - TAP149258,138806,PUBLIC SERVICE CO OF OKLAHOMA
WASHIAXO,41.3001165299999,-91.6896805899999,WNS1674,217 East 2nd Street,,,IA,,Other,,Building,Washington,Owned,Central Office,33,9067.5,29749,345.0,345,numeric,TAP140530 - SUB T,126581,NOT AVAILABLE,AC; OVERHEAD,IN SERVICE,N,9067.5,345.0,TAP140530 - SUB T,126581,NOT AVAILABLE
WFRKARXA,35.9236825699999,-94.1893365899999,WNS1411,265 Wheeler Street,,,AR,,Other,,Building,West Fork,Owned,Central Office,19,5349.5,17551,69.0,UNDER 100,numeric,GREENLAND - TAP149406,101377,SOUTHWESTERN ELECTRIC POWER CO,AC; OVERHEAD,IN SERVICE,Y,13821.3,161.0,WESTSIDE WASTEWATER TREATMENT PLANT - FAYETTEVILLE SOUTH,112897,SOUTHWESTERN ELECTRIC POWER CO
WLBGIAXO,41.66044645,-92.00825998,WNS1676,105 West Welsh,,,IA,,Other,,Building,Williamsburg,Owned,Central Office,28,6883.3,22583,345.0,345,numeric,MONTEZUMA SWITCHING STATION - HILLS,131905,MIDAMERICAN ENERGY CO,AC; OVERHEAD,IN SERVICE,N,6883.3,345.0,MONTEZUMA SWITCHING STATION - HILLS,131905,MIDAMERICAN ENERGY CO
WNDRGAXA,33.99464785,-83.72118785,WNS1594,74 Woodlawn Avenue,,,GA,,Interesting,,Building,Winder,Owned,Central Office,119,2240.1,7350,230.0,220-287,numeric,WINDER,146341,GEORGIA POWER CO,AC; OVERHEAD,IN SERVICE,Y,2240.1,230.0,WINDER,146341,GEORGIA POWER CO
ASHTOHXA,41.86554916,-80.78344219,WNS2238,4616 Park Avenue,,,OH,,Interesting,,Building,WYMAN,Owned,Central Office,125,1718.1,5637,345.0,345,numeric,TAP136893 - PERRY,103658,"AMERICAN TRANSMISSION SYSTEMS, INC.",AC; OVERHEAD,IN SERVICE,N,1718.1,345.0,TAP136893 - PERRY,103658,"AMERICAN TRANSMISSION SYSTEMS, INC."
ZNTNKYXA,38.0672,-85.66875,WNS1811,135 Windy Hill Spur,,,KY,,Other,,Building,Zoneton,Owned,Central Office,54,1398.7,4589,345.0,345,numeric,MIDDLETOWN 345 KV,106915,NOT AVAILABLE,AC; OVERHEAD,IN SERVICE,Y,1398.7,345.0,MIDDLETOWN 345 KV,106915,NOT AVAILABLE
